time,total_AbsAbun,Shannon
0,8,1
0.1,7,0.999765
0.2,7,0.99915
0.3,7,0.998265
0.4,7,0.997193
0.5,7,0.995998
0.6,7,0.994728
0.7,7,0.993419
0.8,7,0.992098
0.9,7,0.990785
1,7,0.989495
1.1,7,0.988239
1.2,7,0.987024
1.3,7,0.985854
1.4,6,0.984733
1.5,5,0.983663
1.6,5,0.982643
1.7,5,0.981674
1.8,5,0.980755
1.9,5,0.979884
2,5,0.97906
2.1,5,0.97828
2.2,5,0.977543
2.3,5,0.976848
2.4,5,0.976191
2.5,5,0.97557
2.6,5,0.974985
2.7,5,0.974432
2.8,5,0.97391
2.9,5,0.973416
3,5,0.972951
3.1,5,0.972511
3.2,5,0.972094
3.3,5,0.971701
3.4,5,0.971329
3.5,5,0.970976
3.6,5,0.970642
3.7,5,0.970326
3.8,5,0.970026
3.9,5,0.969741
4,5,0.96947
4.1,5,0.969213
4.2,5,0.968969
4.3,5,0.968737
4.4,5,0.968515
4.5,5,0.968304
4.6,5,0.968103
4.7,5,0.967911
4.8,5,0.967728
4.9,5,0.967553
5,5,0.967385
5.1,5,0.967225
5.2,5,0.967071
5.3,5,0.966924
5.4,5,0.966782
5.5,5,0.966647
5.6,5,0.966516
5.7,5,0.966391
5.8,5,0.96627
5.9,5,0.966154
6,5,0.966042
6.1,5,0.965934
6.2,5,0.96583
6.3,5,0.96573
6.4,5,0.965633
6.5,5,0.965539
6.6,5,0.965448
6.7,5,0.96536
6.8,5,0.965275
6.9,5,0.965192
7,5,0.965112
7.1,5,0.965035
7.2,5,0.964959
7.3,5,0.964886
7.4,5,0.964815
7.5,5,0.964745
7.6,5,0.964678
7.7,5,0.964613
7.8,5,0.964549
7.9,5,0.964487
8,5,0.964426
8.1,5,0.964367
8.2,5,0.964309
8.3,5,0.964253
8.4,5,0.964198
8.5,5,0.964145
8.6,5,0.964092
8.7,5,0.964041
8.8,5,0.963991
8.9,5,0.963942
9,5,0.963895
9.1,5,0.963848
9.2,5,0.963802
9.3,5,0.963757
9.4,5,0.963713
9.5,5,0.96367
9.6,5,0.963628
9.7,5,0.963587
9.8,5,0.963547
9.9,5,0.963507
10,5,0.963469
10.1,5,0.963431
10.2,5,0.963393
10.3,5,0.963357
10.4,5,0.963321
10.5,5,0.963286
10.6,5,0.963251
10.7,5,0.963217
10.8,5,0.963184
10.9,5,0.963151
11,5,0.963119
11.1,5,0.963088
11.2,5,0.963057
11.3,5,0.963027
11.4,5,0.962997
11.5,5,0.962968
11.6,5,0.962939
11.7,5,0.962911
11.8,5,0.962883
11.9,5,0.962856
12,5,0.962829
12.1,5,0.962802
12.2,5,0.962777
12.3,5,0.962751
12.4,5,0.962726
12.5,5,0.962702
12.6,5,0.962677
12.7,5,0.962654
12.8,5,0.96263
12.9,5,0.962607
13,5,0.962585
13.1,5,0.962563
13.2,5,0.962541
13.3,5,0.96252
13.4,5,0.962498
13.5,5,0.962478
13.6,5,0.962457
13.7,5,0.962437
13.8,5,0.962418
13.9,5,0.962398
14,5,0.962379
14.1,5,0.96236
14.2,5,0.962342
14.3,5,0.962324
14.4,5,0.962306
14.5,5,0.962289
14.6,5,0.962271
14.7,5,0.962254
14.8,5,0.962238
14.9,5,0.962221
15,5,0.962205
15.1,5,0.962189
15.2,5,0.962174
15.3,5,0.962158
15.4,5,0.962143
15.5,5,0.962128
15.6,5,0.962114
15.7,5,0.962099
15.8,5,0.962085
15.9,5,0.962071
16,5,0.962057
16.1,5,0.962044
16.2,5,0.962031
16.3,5,0.962018
16.4,5,0.962005
16.5,5,0.961992
16.6,5,0.96198
16.7,5,0.961968
16.8,5,0.961956
16.9,5,0.961944
17,5,0.961932
17.1,5,0.961921
17.2,5,0.96191
17.3,5,0.961899
17.4,5,0.961888
17.5,5,0.961877
17.6,5,0.961867
17.7,5,0.961856
17.8,5,0.961846
17.9,5,0.961836
18,5,0.961826
18.1,5,0.961816
18.2,5,0.961807
18.3,5,0.961798
18.4,5,0.961788
18.5,5,0.961779
18.6,5,0.96177
18.7,5,0.961762
18.8,5,0.961753
18.9,5,0.961744
19,5,0.961736
19.1,5,0.961728
19.2,5,0.96172
19.3,5,0.961712
19.4,5,0.961704
19.5,5,0.961696
19.6,5,0.961689
19.7,5,0.961681
19.8,5,0.961674
19.9,5,0.961667
20,5,0.96166
20.1,5,0.961653
20.2,5,0.961646
20.3,5,0.961639
20.4,5,0.961632
20.5,5,0.961626
20.6,5,0.961619
20.7,5,0.961613
20.8,5,0.961607
20.9,5,0.961601
21,5,0.961595
21.1,5,0.961589
21.2,5,0.961583
21.3,5,0.961577
21.4,5,0.961572
21.5,5,0.961566
21.6,5,0.961561
21.7,5,0.961555
21.8,5,0.96155
21.9,5,0.961545
22,5,0.96154
22.1,5,0.961535
22.2,5,0.96153
22.3,5,0.961525
22.4,5,0.96152
22.5,5,0.961516
22.6,5,0.961511
22.7,5,0.961506
22.8,5,0.961502
22.9,5,0.961498
23,5,0.961493
23.1,5,0.961489
23.2,5,0.961485
23.3,5,0.961481
23.4,5,0.961477
23.5,5,0.961473
23.6,5,0.961469
23.7,5,0.961465
23.8,5,0.961461
23.9,5,0.961458
24,5,0.961454
24.1,5,0.96145
24.2,5,0.961447
24.3,5,0.961443
24.4,5,0.96144
24.5,5,0.961436
24.6,5,0.961433
24.7,5,0.96143
24.8,5,0.961427
24.9,5,0.961424
25,5,0.96142
25.1,5,0.961417
25.2,5,0.961414
25.3,5,0.961411
25.4,5,0.961409
25.5,5,0.961406
25.6,5,0.961403
25.7,5,0.9614
25.8,5,0.961397
25.9,5,0.961395
26,5,0.961392
26.1,5,0.96139
26.2,5,0.961387
26.3,5,0.961385
26.4,5,0.961382
26.5,5,0.96138
26.6,5,0.961377
26.7,5,0.961375
26.8,5,0.961373
26.9,5,0.96137
27,5,0.961368
27.1,5,0.961366
27.2,5,0.961364
27.3,5,0.961362
27.4,5,0.96136
27.5,5,0.961358
27.6,5,0.961356
27.7,5,0.961354
27.8,5,0.961352
27.9,5,0.96135
28,5,0.961348
28.1,5,0.961346
28.2,5,0.961344
28.3,5,0.961343
28.4,5,0.961341
28.5,5,0.961339
28.6,5,0.961337
28.7,5,0.961336
28.8,5,0.961334
28.9,5,0.961332
29,5,0.961331
29.1,5,0.961329
29.2,5,0.961328
29.3,5,0.961326
29.4,5,0.961325
29.5,5,0.961323
29.6,5,0.961322
29.7,5,0.96132
29.8,5,0.961319
29.9,5,0.961318
30,5,0.961316
30.1,5,0.961315
30.2,5,0.961314
30.3,5,0.961312
30.4,5,0.961311
30.5,5,0.96131
30.6,5,0.961309
30.7,5,0.961307
30.8,5,0.961306
30.9,5,0.961305
31,5,0.961304
31.1,5,0.961303
31.2,5,0.961302
31.3,5,0.961301
31.4,5,0.9613
31.5,5,0.961299
31.6,5,0.961298
31.7,5,0.961297
31.8,5,0.961296
31.9,5,0.961295
32,5,0.961294
32.1,5,0.961293
32.2,5,0.961292
32.3,5,0.961291
32.4,5,0.96129
32.5,5,0.961289
32.6,5,0.961288
32.7,5,0.961287
32.8,5,0.961286
32.9,5,0.961286
33,5,0.961285
33.1,5,0.961284
33.2,5,0.961283
33.3,5,0.961282
33.4,5,0.961282
33.5,5,0.961281
33.6,5,0.96128
33.7,5,0.961279
33.8,5,0.961279
33.9,5,0.961278
34,5,0.961277
34.1,5,0.961277
34.2,5,0.961276
34.3,5,0.961275
34.4,5,0.961275
34.5,5,0.961274
34.6,5,0.961273
34.7,5,0.961273
34.8,5,0.961272
34.9,5,0.961272
35,5,0.961271
35.1,5,0.961271
35.2,5,0.96127
35.3,5,0.961269
35.4,5,0.961269
35.5,5,0.961268
35.6,5,0.961268
35.7,5,0.961267
35.8,5,0.961267
35.9,5,0.961266
36,5,0.961266
36.1,5,0.961265
36.2,5,0.961265
36.3,5,0.961264
36.4,5,0.961264
36.5,5,0.961263
36.6,5,0.961263
36.7,5,0.961263
36.8,5,0.961262
36.9,5,0.961262
37,5,0.961261
37.1,5,0.961261
37.2,5,0.96126
37.3,5,0.96126
37.4,5,0.96126
37.5,5,0.961259
37.6,5,0.961259
37.7,5,0.961259
37.8,5,0.961258
37.9,5,0.961258
38,5,0.961257
38.1,5,0.961257
38.2,5,0.961257
38.3,5,0.961256
38.4,5,0.961256
38.5,5,0.961256
38.6,5,0.961255
38.7,5,0.961255
38.8,5,0.961255
38.9,5,0.961255
39,5,0.961254
39.1,5,0.961254
39.2,5,0.961254
39.3,5,0.961253
39.4,5,0.961253
39.5,5,0.961253
39.6,5,0.961253
39.7,5,0.961252
39.8,5,0.961252
39.9,5,0.961252
40,5,0.961252
40.1,5,0.961251
40.2,5,0.961251
40.3,5,0.961251
40.4,5,0.961251
40.5,5,0.96125
40.6,5,0.96125
40.7,5,0.96125
40.8,5,0.96125
40.9,5,0.961249
41,5,0.961249
41.1,5,0.961249
41.2,5,0.961249
41.3,5,0.961249
41.4,5,0.961248
41.5,5,0.961248
41.6,5,0.961248
41.7,5,0.961248
41.8,5,0.961248
41.9,5,0.961247
42,5,0.961247
42.1,5,0.961247
42.2,5,0.961247
42.3,5,0.961247
42.4,5,0.961247
42.5,5,0.961246
42.6,5,0.961246
42.7,5,0.961246
42.8,5,0.961246
42.9,5,0.961246
43,5,0.961246
43.1,5,0.961245
43.2,5,0.961245
43.3,5,0.961245
43.4,5,0.961245
43.5,5,0.961245
43.6,5,0.961245
43.7,5,0.961245
43.8,5,0.961244
43.9,5,0.961244
44,5,0.961244
44.1,5,0.961244
44.2,5,0.961244
44.3,5,0.961244
44.4,5,0.961244
44.5,5,0.961244
44.6,5,0.961243
44.7,5,0.961243
44.8,5,0.961243
44.9,5,0.961243
45,5,0.961243
45.1,5,0.961243
45.2,5,0.961243
45.3,5,0.961243
45.4,5,0.961243
45.5,5,0.961243
45.6,5,0.961242
45.7,5,0.961242
45.8,5,0.961242
45.9,5,0.961242
46,5,0.961242
46.1,5,0.961242
46.2,5,0.961242
46.3,5,0.961242
46.4,5,0.961242
46.5,5,0.961242
46.6,5,0.961242
46.7,5,0.961241
46.8,5,0.961241
46.9,5,0.961241
47,5,0.961241
47.1,5,0.961241
47.2,5,0.961241
47.3,5,0.961241
47.4,5,0.961241
47.5,5,0.961241
47.6,5,0.961241
47.7,5,0.961241
47.8,5,0.961241
47.9,5,0.961241
48,5,0.961241
48.1,5,0.96124
48.2,5,0.96124
48.3,5,0.96124
48.4,5,0.96124
48.5,5,0.96124
48.6,5,0.96124
48.7,5,0.96124
48.8,5,0.96124
48.9,5,0.96124
49,5,0.96124
49.1,5,0.96124
49.2,5,0.96124
49.3,5,0.96124
49.4,5,0.96124
49.5,5,0.96124
49.6,5,0.96124
49.7,5,0.96124
49.8,5,0.961239
49.9,5,0.961239
50,5,0.961239
50.1,5,0.961239
50.2,5,0.961239
50.3,5,0.961239
50.4,5,0.961239
50.5,5,0.961239
50.6,5,0.961239
50.7,5,0.961239
50.8,5,0.961239
50.9,5,0.961239
51,5,0.961239
51.1,5,0.961239
51.2,5,0.961239
51.3,5,0.961239
51.4,5,0.961239
51.5,5,0.961239
51.6,5,0.961239
51.7,5,0.961239
51.8,5,0.961239
51.9,5,0.961239
52,5,0.961239
52.1,5,0.961239
52.2,5,0.961239
52.3,5,0.961238
52.4,5,0.961238
52.5,5,0.961238
52.6,5,0.961238
52.7,5,0.961238
52.8,5,0.961238
52.9,5,0.961238
53,5,0.961238
53.1,5,0.961238
53.2,5,0.961238
53.3,5,0.961238
53.4,5,0.961238
53.5,5,0.961238
53.6,5,0.961238
53.7,5,0.961238
53.8,5,0.961238
53.9,5,0.961238
54,5,0.961238
54.1,5,0.961238
54.2,5,0.961238
54.3,5,0.961238
54.4,5,0.961238
54.5,5,0.961238
54.6,5,0.961238
54.7,5,0.961238
54.8,5,0.961238
54.9,5,0.961238
55,5,0.961238
55.1,5,0.961238
55.2,5,0.961238
55.3,5,0.961238
55.4,5,0.961238
55.5,5,0.961238
55.6,5,0.961238
55.7,5,0.961238
55.8,5,0.961238
55.9,5,0.961238
56,5,0.961238
56.1,5,0.961238
56.2,5,0.961238
56.3,5,0.961238
56.4,5,0.961238
56.5,5,0.961238
56.6,5,0.961238
56.7,5,0.961238
56.8,5,0.961237
56.9,5,0.961237
57,5,0.961237
57.1,5,0.961237
57.2,5,0.961237
57.3,5,0.961237
57.4,5,0.961237
57.5,5,0.961237
57.6,5,0.961237
57.7,5,0.961237
57.8,5,0.961237
57.9,5,0.961237
58,5,0.961237
58.1,5,0.961237
58.2,5,0.961237
58.3,5,0.961237
58.4,5,0.961237
58.5,5,0.961237
58.6,5,0.961237
58.7,5,0.961237
58.8,5,0.961237
58.9,5,0.961237
59,5,0.961237
59.1,5,0.961237
59.2,5,0.961237
59.3,5,0.961237
59.4,5,0.961237
59.5,5,0.961237
59.6,5,0.961237
59.7,5,0.961237
59.8,5,0.961237
59.9,5,0.961237
60,5,0.961237
60.1,5,0.961237
60.2,5,0.961237
60.3,5,0.961237
60.4,5,0.961237
60.5,5,0.961237
60.6,5,0.961237
60.7,5,0.961237
60.8,5,0.961237
60.9,5,0.961237
61,5,0.961237
61.1,5,0.961237
61.2,5,0.961237
61.3,5,0.961237
61.4,5,0.961237
61.5,5,0.961237
61.6,5,0.961237
61.7,5,0.961237
61.8,5,0.961237
61.9,5,0.961237
62,5,0.961237
62.1,5,0.961237
62.2,5,0.961237
62.3,5,0.961237
62.4,5,0.961237
62.5,5,0.961237
62.6,5,0.961237
62.7,5,0.961237
62.8,5,0.961237
62.9,5,0.961237
63,5,0.961237
63.1,5,0.961237
63.2,5,0.961237
63.3,5,0.961237
63.4,5,0.961237
63.5,5,0.961237
63.6,5,0.961237
63.7,5,0.961237
63.8,5,0.961237
63.9,5,0.961237
64,5,0.961237
64.1,5,0.961237
64.2,5,0.961237
64.3,5,0.961237
64.4,5,0.961237
64.5,5,0.961237
64.6,5,0.961237
64.7,5,0.961237
64.8,5,0.961237
64.9,5,0.961237
65,5,0.961237
65.1,5,0.961237
65.2,5,0.961237
65.3,5,0.961237
65.4,5,0.961237
65.5,5,0.961237
65.6,5,0.961237
65.7,5,0.961237
65.8,5,0.961237
65.9,5,0.961237
66,5,0.961237
66.1,5,0.961237
66.2,5,0.961237
66.3,5,0.961237
66.4,5,0.961237
66.5,5,0.961237
66.6,5,0.961237
66.7,5,0.961237
66.8,5,0.961237
66.9,5,0.961237
67,5,0.961237
67.1,5,0.961237
67.2,5,0.961237
67.3,5,0.961237
67.4,5,0.961237
67.5,5,0.961237
67.6,5,0.961237
67.7,5,0.961237
67.8,5,0.961237
67.9,5,0.961237
68,5,0.961237
68.1,5,0.961237
68.2,5,0.961237
68.3,5,0.961237
68.4,5,0.961237
68.5,5,0.961237
68.6,5,0.961237
68.7,5,0.961237
68.8,5,0.961237
68.9,5,0.961237
69,5,0.961237
69.1,5,0.961237
69.2,5,0.961237
69.3,5,0.961237
69.4,5,0.961237
69.5,5,0.961237
69.6,5,0.961237
69.7,5,0.961237
69.8,5,0.961237
69.9,5,0.961237
70,5,0.961237
70.1,5,0.961237
70.2,5,0.961237
70.3,5,0.961237
70.4,5,0.961237
70.5,5,0.961237
70.6,5,0.961237
70.7,5,0.961237
70.8,5,0.961237
70.9,5,0.961237
71,5,0.961237
71.1,5,0.961237
71.2,5,0.961237
71.3,5,0.961237
71.4,5,0.961237
71.5,5,0.961237
71.6,5,0.961237
71.7,5,0.961237
71.8,5,0.961237
71.9,5,0.961237
72,5,0.961237
72.1,5,0.961237
72.2,5,0.961237
72.3,5,0.961237
72.4,5,0.961237
72.5,5,0.961237
72.6,5,0.961237
72.7,5,0.961237
72.8,5,0.961237
72.9,5,0.961237
73,5,0.961237
73.1,5,0.961237
73.2,5,0.961237
73.3,5,0.961237
73.4,5,0.961237
73.5,5,0.961237
73.6,5,0.961237
73.7,5,0.961237
73.8,5,0.961237
73.9,5,0.961237
74,5,0.961237
74.1,5,0.961237
74.2,5,0.961237
74.3,5,0.961237
74.4,5,0.961237
74.5,5,0.961237
74.6,5,0.961237
74.7,5,0.961237
74.8,5,0.961237
74.9,5,0.961237
75,5,0.961237
75.1,5,0.961237
75.2,5,0.961237
75.3,5,0.961237
75.4,5,0.961237
75.5,5,0.961237
75.6,5,0.961237
75.7,5,0.961237
75.8,5,0.961237
75.9,5,0.961237
76,5,0.961237
76.1,5,0.961237
76.2,5,0.961237
76.3,5,0.961237
76.4,5,0.961237
76.5,5,0.961237
76.6,5,0.961237
76.7,5,0.961237
76.8,5,0.961237
76.9,5,0.961237
77,5,0.961237
77.1,5,0.961237
77.2,5,0.961237
77.3,5,0.961237
77.4,5,0.961237
77.5,5,0.961237
77.6,5,0.961237
77.7,5,0.961237
77.8,5,0.961237
77.9,5,0.961237
78,5,0.961237
78.1,5,0.961237
78.2,5,0.961237
78.3,5,0.961237
78.4,5,0.961237
78.5,5,0.961237
78.6,5,0.961237
78.7,5,0.961237
78.8,5,0.961237
78.9,5,0.961237
79,5,0.961237
79.1,5,0.961237
79.2,5,0.961237
79.3,5,0.961237
79.4,5,0.961237
79.5,5,0.961237
79.6,5,0.961237
79.7,5,0.961237
79.8,5,0.961237
79.9,5,0.961237
80,5,0.961237
80.1,5,0.961237
80.2,5,0.961237
80.3,5,0.961237
80.4,5,0.961237
80.5,5,0.961237
80.6,5,0.961237
80.7,5,0.961237
80.8,5,0.961237
80.9,5,0.961237
81,5,0.961237
81.1,5,0.961237
81.2,5,0.961237
81.3,5,0.961237
81.4,5,0.961237
81.5,5,0.961237
81.6,5,0.961237
81.7,5,0.961237
81.8,5,0.961237
81.9,5,0.961237
82,5,0.961237
82.1,5,0.961237
82.2,5,0.961237
82.3,5,0.961237
82.4,5,0.961237
82.5,5,0.961237
82.6,5,0.961237
82.7,5,0.961237
82.8,5,0.961237
82.9,5,0.961237
83,5,0.961237
83.1,5,0.961237
83.2,5,0.961237
83.3,5,0.961237
83.4,5,0.961237
83.5,5,0.961237
83.6,5,0.961237
83.7,5,0.961237
83.8,5,0.961237
83.9,5,0.961237
84,5,0.961237
84.1,5,0.961237
84.2,5,0.961237
84.3,5,0.961237
84.4,5,0.961237
84.5,5,0.961237
84.6,5,0.961237
84.7,5,0.961237
84.8,5,0.961237
84.9,5,0.961237
85,5,0.961237
85.1,5,0.961237
85.2,5,0.961237
85.3,5,0.961237
85.4,5,0.961237
85.5,5,0.961237
85.6,5,0.961237
85.7,5,0.961237
85.8,5,0.961237
85.9,5,0.961237
86,5,0.961237
86.1,5,0.961237
86.2,5,0.961237
86.3,5,0.961237
86.4,5,0.961237
86.5,5,0.961237
86.6,5,0.961237
86.7,5,0.961237
86.8,5,0.961237
86.9,5,0.961237
87,5,0.961237
87.1,5,0.961237
87.2,5,0.961237
87.3,5,0.961237
87.4,5,0.961237
87.5,5,0.961237
87.6,5,0.961237
87.7,5,0.961237
87.8,5,0.961237
87.9,5,0.961237
88,5,0.961237
88.1,5,0.961237
88.2,5,0.961237
88.3,5,0.961237
88.4,5,0.961237
88.5,5,0.961237
88.6,5,0.961237
88.7,5,0.961237
88.8,5,0.961237
88.9,5,0.961237
89,5,0.961237
89.1,5,0.961237
89.2,5,0.961237
89.3,5,0.961237
89.4,5,0.961237
89.5,5,0.961237
89.6,5,0.961237
89.7,5,0.961237
89.8,5,0.961237
89.9,5,0.961237
90,5,0.961237
90.1,5,0.961237
90.2,5,0.961237
90.3,5,0.961237
90.4,5,0.961237
90.5,5,0.961237
90.6,5,0.961237
90.7,5,0.961237
90.8,5,0.961237
90.9,5,0.961237
91,5,0.961237
91.1,5,0.961237
91.2,5,0.961237
91.3,5,0.961237
91.4,5,0.961237
91.5,5,0.961237
91.6,5,0.961237
91.7,5,0.961237
91.8,5,0.961237
91.9,5,0.961237
92,5,0.961237
92.1,5,0.961237
92.2,5,0.961237
92.3,5,0.961237
92.4,5,0.961237
92.5,5,0.961237
92.6,5,0.961237
92.7,5,0.961237
92.8,5,0.961237
92.9,5,0.961237
93,5,0.961237
93.1,5,0.961237
93.2,5,0.961237
93.3,5,0.961237
93.4,5,0.961237
93.5,5,0.961237
93.6,5,0.961237
93.7,5,0.961237
93.8,5,0.961237
93.9,5,0.961237
94,5,0.961237
94.1,5,0.961237
94.2,5,0.961237
94.3,5,0.961237
94.4,5,0.961237
94.5,5,0.961237
94.6,5,0.961237
94.7,5,0.961237
94.8,5,0.961237
94.9,5,0.961237
95,5,0.961237
95.1,5,0.961237
95.2,5,0.961237
95.3,5,0.961237
95.4,5,0.961237
95.5,5,0.961237
95.6,5,0.961237
95.7,5,0.961237
95.8,5,0.961237
95.9,5,0.961237
96,5,0.961237
96.1,5,0.961237
96.2,5,0.961237
96.3,5,0.961237
96.4,5,0.961237
96.5,5,0.961237
96.6,5,0.961237
96.7,5,0.961237
96.8,5,0.961237
96.9,5,0.961237
97,5,0.961237
97.1,5,0.961237
97.2,5,0.961237
97.3,5,0.961237
97.4,5,0.961237
97.5,5,0.961237
97.6,5,0.961237
97.7,5,0.961237
97.8,5,0.961237
97.9,5,0.961237
98,5,0.961237
98.1,5,0.961237
98.2,5,0.961237
98.3,5,0.961237
98.4,5,0.961237
98.5,5,0.961237
98.6,5,0.961237
98.7,5,0.961237
98.8,5,0.961237
98.9,5,0.961237
99,5,0.961237
99.1,5,0.961237
99.2,5,0.961237
99.3,5,0.961237
99.4,5,0.961237
99.5,5,0.961237
99.6,5,0.961237
99.7,5,0.961237
99.8,5,0.961237
99.9,5,0.961237
100,5,0.961237
100.1,5,0.961237
100.2,5,0.961237
100.3,5,0.961237
100.4,5,0.961237
100.5,5,0.961237
100.6,5,0.961237
100.7,5,0.961237
100.8,5,0.961237
100.9,5,0.961237
101,5,0.961237
101.1,5,0.961237
101.2,5,0.961237
101.3,5,0.961237
101.4,5,0.961237
101.5,5,0.961237
101.6,5,0.961237
101.7,5,0.961237
101.8,5,0.961237
101.9,5,0.961237
102,5,0.961237
102.1,5,0.961237
102.2,5,0.961237
102.3,5,0.961237
102.4,5,0.961237
102.5,5,0.961237
102.6,5,0.961237
102.7,5,0.961237
102.8,5,0.961237
102.9,5,0.961237
103,5,0.961237
103.1,5,0.961237
103.2,5,0.961237
103.3,5,0.961237
103.4,5,0.961237
103.5,5,0.961237
103.6,5,0.961237
103.7,5,0.961237
103.8,5,0.961237
103.9,5,0.961237
104,5,0.961237
104.1,5,0.961237
104.2,5,0.961237
104.3,5,0.961237
104.4,5,0.961237
104.5,5,0.961237
104.6,5,0.961237
104.7,5,0.961237
104.8,5,0.961237
104.9,5,0.961237
105,5,0.961237
105.1,5,0.961237
105.2,5,0.961237
105.3,5,0.961237
105.4,5,0.961237
105.5,5,0.961237
105.6,5,0.961237
105.7,5,0.961237
105.8,5,0.961237
105.9,5,0.961237
106,5,0.961237
106.1,5,0.961237
106.2,5,0.961237
106.3,5,0.961237
106.4,5,0.961237
106.5,5,0.961237
106.6,5,0.961237
106.7,5,0.961237
106.8,5,0.961237
106.9,5,0.961237
107,5,0.961237
107.1,5,0.961237
107.2,5,0.961237
107.3,5,0.961237
107.4,5,0.961237
107.5,5,0.961237
107.6,5,0.961237
107.7,5,0.961237
107.8,5,0.961237
107.9,5,0.961237
108,5,0.961237
108.1,5,0.961237
108.2,5,0.961237
108.3,5,0.961237
108.4,5,0.961237
108.5,5,0.961237
108.6,5,0.961237
108.7,5,0.961237
108.8,5,0.961237
108.9,5,0.961237
109,5,0.961237
109.1,5,0.961237
109.2,5,0.961237
109.3,5,0.961237
109.4,5,0.961237
109.5,5,0.961237
109.6,5,0.961237
109.7,5,0.961237
109.8,5,0.961237
109.9,5,0.961237
110,5,0.961237
110.1,5,0.961237
110.2,5,0.961237
110.3,5,0.961237
110.4,5,0.961237
110.5,5,0.961237
110.6,5,0.961237
110.7,5,0.961237
110.8,5,0.961237
110.9,5,0.961237
111,5,0.961237
111.1,5,0.961237
111.2,5,0.961237
111.3,5,0.961237
111.4,5,0.961237
111.5,5,0.961237
111.6,5,0.961237
111.7,5,0.961237
111.8,5,0.961237
111.9,5,0.961237
112,5,0.961237
112.1,5,0.961237
112.2,5,0.961237
112.3,5,0.961237
112.4,5,0.961237
112.5,5,0.961237
112.6,5,0.961237
112.7,5,0.961237
112.8,5,0.961237
112.9,5,0.961237
113,5,0.961237
113.1,5,0.961237
113.2,5,0.961237
113.3,5,0.961237
113.4,5,0.961237
113.5,5,0.961237
113.6,5,0.961237
113.7,5,0.961237
113.8,5,0.961237
113.9,5,0.961237
114,5,0.961237
114.1,5,0.961237
114.2,5,0.961237
114.3,5,0.961237
114.4,5,0.961237
114.5,5,0.961237
114.6,5,0.961237
114.7,5,0.961237
114.8,5,0.961237
114.9,5,0.961237
115,5,0.961237
115.1,5,0.961237
115.2,5,0.961237
115.3,5,0.961237
115.4,5,0.961237
115.5,5,0.961237
115.6,5,0.961237
115.7,5,0.961237
115.8,5,0.961237
115.9,5,0.961237
116,5,0.961237
116.1,5,0.961237
116.2,5,0.961237
116.3,5,0.961237
116.4,5,0.961237
116.5,5,0.961237
116.6,5,0.961237
116.7,5,0.961237
116.8,5,0.961237
116.9,5,0.961237
117,5,0.961237
117.1,5,0.961237
117.2,5,0.961237
117.3,5,0.961237
117.4,5,0.961237
117.5,5,0.961237
117.6,5,0.961237
117.7,5,0.961237
117.8,5,0.961237
117.9,5,0.961237
118,5,0.961237
118.1,5,0.961237
118.2,5,0.961237
118.3,5,0.961237
118.4,5,0.961237
118.5,5,0.961237
118.6,5,0.961237
118.7,5,0.961237
118.8,5,0.961237
118.9,5,0.961237
119,5,0.961237
119.1,5,0.961237
119.2,5,0.961237
119.3,5,0.961237
119.4,5,0.961237
119.5,5,0.961237
119.6,5,0.961237
119.7,5,0.961237
119.8,5,0.961237
119.9,5,0.961237
120,5,0.961237
120.1,5,0.961237
120.2,5,0.961237
120.3,5,0.961237
120.4,5,0.961237
120.5,5,0.961237
120.6,5,0.961237
120.7,5,0.961237
120.8,5,0.961237
120.9,5,0.961237
121,5,0.961237
121.1,5,0.961237
121.2,5,0.961237
121.3,5,0.961237
121.4,5,0.961237
121.5,5,0.961237
121.6,5,0.961237
121.7,5,0.961237
121.8,5,0.961237
121.9,5,0.961237
122,5,0.961237
122.1,5,0.961237
122.2,5,0.961237
122.3,5,0.961237
122.4,5,0.961237
122.5,5,0.961237
122.6,5,0.961237
122.7,5,0.961237
122.8,5,0.961237
122.9,5,0.961237
123,5,0.961237
123.1,5,0.961237
123.2,5,0.961237
123.3,5,0.961237
123.4,5,0.961237
123.5,5,0.961237
123.6,5,0.961237
123.7,5,0.961237
123.8,5,0.961237
123.9,5,0.961237
124,5,0.961237
124.1,5,0.961237
124.2,5,0.961237
124.3,5,0.961237
124.4,5,0.961237
124.5,5,0.961237
124.6,5,0.961237
124.7,5,0.961237
124.8,5,0.961237
124.9,5,0.961237
125,5,0.961237
125.1,5,0.961237
125.2,5,0.961237
125.3,5,0.961237
125.4,5,0.961237
125.5,5,0.961237
125.6,5,0.961237
125.7,5,0.961237
125.8,5,0.961237
125.9,5,0.961237
126,5,0.961237
126.1,5,0.961237
126.2,5,0.961237
126.3,5,0.961237
126.4,5,0.961237
126.5,5,0.961237
126.6,5,0.961237
126.7,5,0.961237
126.8,5,0.961237
126.9,5,0.961237
127,5,0.961237
127.1,5,0.961237
127.2,5,0.961237
127.3,5,0.961237
127.4,5,0.961237
127.5,5,0.961237
127.6,5,0.961237
127.7,5,0.961237
127.8,5,0.961237
127.9,5,0.961237
128,5,0.961237
128.1,5,0.961237
128.2,5,0.961237
128.3,5,0.961237
128.4,5,0.961237
128.5,5,0.961237
128.6,5,0.961237
128.7,5,0.961237
128.8,5,0.961237
128.9,5,0.961237
129,5,0.961237
129.1,5,0.961237
129.2,5,0.961237
129.3,5,0.961237
129.4,5,0.961237
129.5,5,0.961237
129.6,5,0.961237
129.7,5,0.961237
129.8,5,0.961237
129.9,5,0.961237
130,5,0.961237
130.1,5,0.961237
130.2,5,0.961237
130.3,5,0.961237
130.4,5,0.961237
130.5,5,0.961237
130.6,5,0.961237
130.7,5,0.961237
130.8,5,0.961237
130.9,5,0.961237
131,5,0.961237
131.1,5,0.961237
131.2,5,0.961237
131.3,5,0.961237
131.4,5,0.961237
131.5,5,0.961237
131.6,5,0.961237
131.7,5,0.961237
131.8,5,0.961237
131.9,5,0.961237
132,5,0.961237
132.1,5,0.961237
132.2,5,0.961237
132.3,5,0.961237
132.4,5,0.961237
132.5,5,0.961237
132.6,5,0.961237
132.7,5,0.961237
132.8,5,0.961237
132.9,5,0.961237
133,5,0.961237
133.1,5,0.961237
133.2,5,0.961237
133.3,5,0.961237
133.4,5,0.961237
133.5,5,0.961237
133.6,5,0.961237
133.7,5,0.961237
133.8,5,0.961237
133.9,5,0.961237
134,5,0.961237
134.1,5,0.961237
134.2,5,0.961237
134.3,5,0.961237
134.4,5,0.961237
134.5,5,0.961237
134.6,5,0.961237
134.7,5,0.961237
134.8,5,0.961237
134.9,5,0.961237
135,5,0.961237
135.1,5,0.961237
135.2,5,0.961237
135.3,5,0.961237
135.4,5,0.961237
135.5,5,0.961237
135.6,5,0.961237
135.7,5,0.961237
135.8,5,0.961237
135.9,5,0.961237
136,5,0.961237
136.1,5,0.961237
136.2,5,0.961237
136.3,5,0.961237
136.4,5,0.961237
136.5,5,0.961237
136.6,5,0.961237
136.7,5,0.961237
136.8,5,0.961237
136.9,5,0.961237
137,5,0.961237
137.1,5,0.961237
137.2,5,0.961237
137.3,5,0.961237
137.4,5,0.961237
137.5,5,0.961237
137.6,5,0.961237
137.7,5,0.961237
137.8,5,0.961237
137.9,5,0.961237
138,5,0.961237
138.1,5,0.961237
138.2,5,0.961237
138.3,5,0.961237
138.4,5,0.961237
138.5,5,0.961237
138.6,5,0.961237
138.7,5,0.961237
138.8,5,0.961237
138.9,5,0.961237
139,5,0.961237
139.1,5,0.961237
139.2,5,0.961237
139.3,5,0.961237
139.4,5,0.961237
139.5,5,0.961237
139.6,5,0.961237
139.7,5,0.961237
139.8,5,0.961237
139.9,5,0.961237
140,5,0.961237
140.1,5,0.961237
140.2,5,0.961237
140.3,5,0.961237
140.4,5,0.961237
140.5,5,0.961237
140.6,5,0.961237
140.7,5,0.961237
140.8,5,0.961237
140.9,5,0.961237
141,5,0.961237
141.1,5,0.961237
141.2,5,0.961237
141.3,5,0.961237
141.4,5,0.961237
141.5,5,0.961237
141.6,5,0.961237
141.7,5,0.961237
141.8,5,0.961237
141.9,5,0.961237
142,5,0.961237
142.1,5,0.961237
142.2,5,0.961237
142.3,5,0.961237
142.4,5,0.961237
142.5,5,0.961237
142.6,5,0.961237
142.7,5,0.961237
142.8,5,0.961237
142.9,5,0.961237
143,5,0.961237
143.1,5,0.961237
143.2,5,0.961237
143.3,5,0.961237
143.4,5,0.961237
143.5,5,0.961237
143.6,5,0.961237
143.7,5,0.961237
143.8,5,0.961237
143.9,5,0.961237
144,5,0.961237
144.1,5,0.961237
144.2,5,0.961237
144.3,5,0.961237
144.4,5,0.961237
144.5,5,0.961237
144.6,5,0.961237
144.7,5,0.961237
144.8,5,0.961237
144.9,5,0.961237
145,5,0.961237
145.1,5,0.961237
145.2,5,0.961237
145.3,5,0.961237
145.4,5,0.961237
145.5,5,0.961237
145.6,5,0.961237
145.7,5,0.961237
145.8,5,0.961237
145.9,5,0.961237
146,5,0.961237
146.1,5,0.961237
146.2,5,0.961237
146.3,5,0.961237
146.4,5,0.961237
146.5,5,0.961237
146.6,5,0.961237
146.7,5,0.961237
146.8,5,0.961237
146.9,5,0.961237
147,5,0.961237
147.1,5,0.961237
147.2,5,0.961237
147.3,5,0.961237
147.4,5,0.961237
147.5,5,0.961237
147.6,5,0.961237
147.7,5,0.961237
147.8,5,0.961237
147.9,5,0.961237
148,5,0.961237
148.1,5,0.961237
148.2,5,0.961237
148.3,5,0.961237
148.4,5,0.961237
148.5,5,0.961237
148.6,5,0.961237
148.7,5,0.961237
148.8,5,0.961237
148.9,5,0.961237
149,5,0.961237
149.1,5,0.961237
149.2,5,0.961237
149.3,5,0.961237
149.4,5,0.961237
149.5,5,0.961237
149.6,5,0.961237
149.7,5,0.961237
149.8,5,0.961237
149.9,5,0.961237
150,5,0.961237
150.1,5,0.961237
150.2,5,0.961237
150.3,5,0.961237
150.4,5,0.961237
150.5,5,0.961237
150.6,5,0.961237
150.7,5,0.961237
150.8,5,0.961237
150.9,5,0.961237
151,5,0.961237
151.1,5,0.961237
151.2,5,0.961237
151.3,5,0.961237
151.4,5,0.961237
151.5,5,0.961237
151.6,5,0.961237
151.7,5,0.961237
151.8,5,0.961237
151.9,5,0.961237
152,5,0.961237
152.1,5,0.961237
152.2,5,0.961237
152.3,5,0.961237
152.4,5,0.961237
152.5,5,0.961237
152.6,5,0.961237
152.7,5,0.961237
152.8,5,0.961237
152.9,5,0.961237
153,5,0.961237
153.1,5,0.961237
153.2,5,0.961237
153.3,5,0.961237
153.4,5,0.961237
153.5,5,0.961237
153.6,5,0.961237
153.7,5,0.961237
153.8,5,0.961237
153.9,5,0.961237
154,5,0.961237
154.1,5,0.961237
154.2,5,0.961237
154.3,5,0.961237
154.4,5,0.961237
154.5,5,0.961237
154.6,5,0.961237
154.7,5,0.961237
154.8,5,0.961237
154.9,5,0.961237
155,5,0.961237
155.1,5,0.961237
155.2,5,0.961237
155.3,5,0.961237
155.4,5,0.961237
155.5,5,0.961237
155.6,5,0.961237
155.7,5,0.961237
155.8,5,0.961237
155.9,5,0.961237
156,5,0.961237
156.1,5,0.961237
156.2,5,0.961237
156.3,5,0.961237
156.4,5,0.961237
156.5,5,0.961237
156.6,5,0.961237
156.7,5,0.961237
156.8,5,0.961237
156.9,5,0.961237
157,5,0.961237
157.1,5,0.961237
157.2,5,0.961237
157.3,5,0.961237
157.4,5,0.961237
157.5,5,0.961237
157.6,5,0.961237
157.7,5,0.961237
157.8,5,0.961237
157.9,5,0.961237
158,5,0.961237
158.1,5,0.961237
158.2,5,0.961237
158.3,5,0.961237
158.4,5,0.961237
158.5,5,0.961237
158.6,5,0.961237
158.7,5,0.961237
158.8,5,0.961237
158.9,5,0.961237
159,5,0.961237
159.1,5,0.961237
159.2,5,0.961237
159.3,5,0.961237
159.4,5,0.961237
159.5,5,0.961237
159.6,5,0.961237
159.7,5,0.961237
159.8,5,0.961237
159.9,5,0.961237
160,5,0.961237
160.1,5,0.961237
160.2,5,0.961237
160.3,5,0.961237
160.4,5,0.961237
160.5,5,0.961237
160.6,5,0.961237
160.7,5,0.961237
160.8,5,0.961237
160.9,5,0.961237
161,5,0.961237
161.1,5,0.961237
161.2,5,0.961237
161.3,5,0.961237
161.4,5,0.961237
161.5,5,0.961237
161.6,5,0.961237
161.7,5,0.961237
161.8,5,0.961237
161.9,5,0.961237
162,5,0.961237
162.1,5,0.961237
162.2,5,0.961237
162.3,5,0.961237
162.4,5,0.961237
162.5,5,0.961237
162.6,5,0.961237
162.7,5,0.961237
162.8,5,0.961237
162.9,5,0.961237
163,5,0.961237
163.1,5,0.961237
163.2,5,0.961237
163.3,5,0.961237
163.4,5,0.961237
163.5,5,0.961237
163.6,5,0.961237
163.7,5,0.961237
163.8,5,0.961237
163.9,5,0.961237
164,5,0.961237
164.1,5,0.961237
164.2,5,0.961237
164.3,5,0.961237
164.4,5,0.961237
164.5,5,0.961237
164.6,5,0.961237
164.7,5,0.961237
164.8,5,0.961237
164.9,5,0.961237
165,5,0.961237
165.1,5,0.961237
165.2,5,0.961237
165.3,5,0.961237
165.4,5,0.961237
165.5,5,0.961237
165.6,5,0.961237
165.7,5,0.961237
165.8,5,0.961237
165.9,5,0.961237
166,5,0.961237
166.1,5,0.961237
166.2,5,0.961237
166.3,5,0.961237
166.4,5,0.961237
166.5,5,0.961237
166.6,5,0.961237
166.7,5,0.961237
166.8,5,0.961237
166.9,5,0.961237
167,5,0.961237
167.1,5,0.961237
167.2,5,0.961237
167.3,5,0.961237
167.4,5,0.961237
167.5,5,0.961237
167.6,5,0.961237
167.7,5,0.961237
167.8,5,0.961237
167.9,5,0.961237
168,5,0.961237
168.1,5,0.961237
168.2,5,0.961237
168.3,5,0.961237
168.4,5,0.961237
168.5,5,0.961237
168.6,5,0.961237
168.7,5,0.961237
168.8,5,0.961237
168.9,5,0.961237
169,5,0.961237
169.1,5,0.961237
169.2,5,0.961237
169.3,5,0.961237
169.4,5,0.961237
169.5,5,0.961237
169.6,5,0.961237
169.7,5,0.961237
169.8,5,0.961237
169.9,5,0.961237
170,5,0.961237
170.1,5,0.961237
170.2,5,0.961237
170.3,5,0.961237
170.4,5,0.961237
170.5,5,0.961237
170.6,5,0.961237
170.7,5,0.961237
170.8,5,0.961237
170.9,5,0.961237
171,5,0.961237
171.1,5,0.961237
171.2,5,0.961237
171.3,5,0.961237
171.4,5,0.961237
171.5,5,0.961237
171.6,5,0.961237
171.7,5,0.961237
171.8,5,0.961237
171.9,5,0.961237
172,5,0.961237
172.1,5,0.961237
172.2,5,0.961237
172.3,5,0.961237
172.4,5,0.961237
172.5,5,0.961237
172.6,5,0.961237
172.7,5,0.961237
172.8,5,0.961237
172.9,5,0.961237
173,5,0.961237
173.1,5,0.961237
173.2,5,0.961237
173.3,5,0.961237
173.4,5,0.961237
173.5,5,0.961237
173.6,5,0.961237
173.7,5,0.961237
173.8,5,0.961237
173.9,5,0.961237
174,5,0.961237
174.1,5,0.961237
174.2,5,0.961237
174.3,5,0.961237
174.4,5,0.961237
174.5,5,0.961237
174.6,5,0.961237
174.7,5,0.961237
174.8,5,0.961237
174.9,5,0.961237
175,5,0.961237
175.1,5,0.961237
175.2,5,0.961237
175.3,5,0.961237
175.4,5,0.961237
175.5,5,0.961237
175.6,5,0.961237
175.7,5,0.961237
175.8,5,0.961237
175.9,5,0.961237
176,5,0.961237
176.1,5,0.961237
176.2,5,0.961237
176.3,5,0.961237
176.4,5,0.961237
176.5,5,0.961237
176.6,5,0.961237
176.7,5,0.961237
176.8,5,0.961237
176.9,5,0.961237
177,5,0.961237
177.1,5,0.961237
177.2,5,0.961237
177.3,5,0.961237
177.4,5,0.961237
177.5,5,0.961237
177.6,5,0.961237
177.7,5,0.961237
177.8,5,0.961237
177.9,5,0.961237
178,5,0.961237
178.1,5,0.961237
178.2,5,0.961237
178.3,5,0.961237
178.4,5,0.961237
178.5,5,0.961237
178.6,5,0.961237
178.7,5,0.961237
178.8,5,0.961237
178.9,5,0.961237
179,5,0.961237
179.1,5,0.961237
179.2,5,0.961237
179.3,5,0.961237
179.4,5,0.961237
179.5,5,0.961237
179.6,5,0.961237
179.7,5,0.961237
179.8,5,0.961237
179.9,5,0.961237
180,5,0.961237
180.1,5,0.961237
180.2,5,0.961237
180.3,5,0.961237
180.4,5,0.961237
180.5,5,0.961237
180.6,5,0.961237
180.7,5,0.961237
180.8,5,0.961237
180.9,5,0.961237
181,5,0.961237
181.1,5,0.961237
181.2,5,0.961237
181.3,5,0.961237
181.4,5,0.961237
181.5,5,0.961237
181.6,5,0.961237
181.7,5,0.961237
181.8,5,0.961237
181.9,5,0.961237
182,5,0.961237
182.1,5,0.961237
182.2,5,0.961237
182.3,5,0.961237
182.4,5,0.961237
182.5,5,0.961237
182.6,5,0.961237
182.7,5,0.961237
182.8,5,0.961237
182.9,5,0.961237
183,5,0.961237
183.1,5,0.961237
183.2,5,0.961237
183.3,5,0.961237
183.4,5,0.961237
183.5,5,0.961237
183.6,5,0.961237
183.7,5,0.961237
183.8,5,0.961237
183.9,5,0.961237
184,5,0.961237
184.1,5,0.961237
184.2,5,0.961237
184.3,5,0.961237
184.4,5,0.961237
184.5,5,0.961237
184.6,5,0.961237
184.7,5,0.961237
184.8,5,0.961237
184.9,5,0.961237
185,5,0.961237
185.1,5,0.961237
185.2,5,0.961237
185.3,5,0.961237
185.4,5,0.961237
185.5,5,0.961237
185.6,5,0.961237
185.7,5,0.961237
185.8,5,0.961237
185.9,5,0.961237
186,5,0.961237
186.1,5,0.961237
186.2,5,0.961237
186.3,5,0.961237
186.4,5,0.961237
186.5,5,0.961237
186.6,5,0.961237
186.7,5,0.961237
186.8,5,0.961237
186.9,5,0.961237
187,5,0.961237
187.1,5,0.961237
187.2,5,0.961237
187.3,5,0.961237
187.4,5,0.961237
187.5,5,0.961237
187.6,5,0.961237
187.7,5,0.961237
187.8,5,0.961237
187.9,5,0.961237
188,5,0.961237
188.1,5,0.961237
188.2,5,0.961237
188.3,5,0.961237
188.4,5,0.961237
188.5,5,0.961237
188.6,5,0.961237
188.7,5,0.961237
188.8,5,0.961237
188.9,5,0.961237
189,5,0.961237
189.1,5,0.961237
189.2,5,0.961237
189.3,5,0.961237
189.4,5,0.961237
189.5,5,0.961237
189.6,5,0.961237
189.7,5,0.961237
189.8,5,0.961237
189.9,5,0.961237
190,5,0.961237
190.1,5,0.961237
190.2,5,0.961237
190.3,5,0.961237
190.4,5,0.961237
190.5,5,0.961237
190.6,5,0.961237
190.7,5,0.961237
190.8,5,0.961237
190.9,5,0.961237
191,5,0.961237
191.1,5,0.961237
191.2,5,0.961237
191.3,5,0.961237
191.4,5,0.961237
191.5,5,0.961237
191.6,5,0.961237
191.7,5,0.961237
191.8,5,0.961237
191.9,5,0.961237
192,5,0.961237
192.1,5,0.961237
192.2,5,0.961237
192.3,5,0.961237
192.4,5,0.961237
192.5,5,0.961237
192.6,5,0.961237
192.7,5,0.961237
192.8,5,0.961237
192.9,5,0.961237
193,5,0.961237
193.1,5,0.961237
193.2,5,0.961237
193.3,5,0.961237
193.4,5,0.961237
193.5,5,0.961237
193.6,5,0.961237
193.7,5,0.961237
193.8,5,0.961237
193.9,5,0.961237
194,5,0.961237
194.1,5,0.961237
194.2,5,0.961237
194.3,5,0.961237
194.4,5,0.961237
194.5,5,0.961237
194.6,5,0.961237
194.7,5,0.961237
194.8,5,0.961237
194.9,5,0.961237
195,5,0.961237
195.1,5,0.961237
195.2,5,0.961237
195.3,5,0.961237
195.4,5,0.961237
195.5,5,0.961237
195.6,5,0.961237
195.7,5,0.961237
195.8,5,0.961237
195.9,5,0.961237
196,5,0.961237
196.1,5,0.961237
196.2,5,0.961237
196.3,5,0.961237
196.4,5,0.961237
196.5,5,0.961237
196.6,5,0.961237
196.7,5,0.961237
196.8,5,0.961237
196.9,5,0.961237
197,5,0.961237
197.1,5,0.961237
197.2,5,0.961237
197.3,5,0.961237
197.4,5,0.961237
197.5,5,0.961237
197.6,5,0.961237
197.7,5,0.961237
197.8,5,0.961237
197.9,5,0.961237
198,5,0.961237
198.1,5,0.961237
198.2,5,0.961237
198.3,5,0.961237
198.4,5,0.961237
198.5,5,0.961237
198.6,5,0.961237
198.7,5,0.961237
198.8,5,0.961237
198.9,5,0.961237
199,5,0.961237
199.1,5,0.961237
199.2,5,0.961237
199.3,5,0.961237
199.4,5,0.961237
199.5,5,0.961237
199.6,5,0.961237
199.7,5,0.961237
199.8,5,0.961237
199.9,5,0.961237
200,5,0.961237
200.1,5,0.961237
200.2,5,0.961237
200.3,5,0.961237
200.4,5,0.961237
200.5,5,0.961237
200.6,5,0.961237
200.7,5,0.961237
200.8,5,0.961237
200.9,5,0.961237
201,5,0.961237
201.1,5,0.961237
201.2,5,0.961237
201.3,5,0.961237
201.4,5,0.961237
201.5,5,0.961237
201.6,5,0.961237
201.7,5,0.961237
201.8,5,0.961237
201.9,5,0.961237
202,5,0.961237
202.1,5,0.961237
202.2,5,0.961237
202.3,5,0.961237
202.4,5,0.961237
202.5,5,0.961237
202.6,5,0.961237
202.7,5,0.961237
202.8,5,0.961237
202.9,5,0.961237
203,5,0.961237
203.1,5,0.961237
203.2,5,0.961237
203.3,5,0.961237
203.4,5,0.961237
203.5,5,0.961237
203.6,5,0.961237
203.7,5,0.961237
203.8,5,0.961237
203.9,5,0.961237
204,5,0.961237
204.1,5,0.961237
204.2,5,0.961237
204.3,5,0.961237
204.4,5,0.961237
204.5,5,0.961237
204.6,5,0.961237
204.7,5,0.961237
204.8,5,0.961237
204.9,5,0.961237
205,5,0.961237
205.1,5,0.961237
205.2,5,0.961237
205.3,5,0.961237
205.4,5,0.961237
205.5,5,0.961237
205.6,5,0.961237
205.7,5,0.961237
205.8,5,0.961237
205.9,5,0.961237
206,5,0.961237
206.1,5,0.961237
206.2,5,0.961237
206.3,5,0.961237
206.4,5,0.961237
206.5,5,0.961237
206.6,5,0.961237
206.7,5,0.961237
206.8,5,0.961237
206.9,5,0.961237
207,5,0.961237
207.1,5,0.961237
207.2,5,0.961237
207.3,5,0.961237
207.4,5,0.961237
207.5,5,0.961237
207.6,5,0.961237
207.7,5,0.961237
207.8,5,0.961237
207.9,5,0.961237
208,5,0.961237
208.1,5,0.961237
208.2,5,0.961237
208.3,5,0.961237
208.4,5,0.961237
208.5,5,0.961237
208.6,5,0.961237
208.7,5,0.961237
208.8,5,0.961237
208.9,5,0.961237
209,5,0.961237
209.1,5,0.961237
209.2,5,0.961237
209.3,5,0.961237
209.4,5,0.961237
209.5,5,0.961237
209.6,5,0.961237
209.7,5,0.961237
209.8,5,0.961237
209.9,5,0.961237
210,5,0.961237
210.1,5,0.961237
210.2,5,0.961237
210.3,5,0.961237
210.4,5,0.961237
210.5,5,0.961237
210.6,5,0.961237
210.7,5,0.961237
210.8,5,0.961237
210.9,5,0.961237
211,5,0.961237
211.1,5,0.961237
211.2,5,0.961237
211.3,5,0.961237
211.4,5,0.961237
211.5,5,0.961237
211.6,5,0.961237
211.7,5,0.961237
211.8,5,0.961237
211.9,5,0.961237
212,5,0.961237
212.1,5,0.961237
212.2,5,0.961237
212.3,5,0.961237
212.4,5,0.961237
212.5,5,0.961237
212.6,5,0.961237
212.7,5,0.961237
212.8,5,0.961237
212.9,5,0.961237
213,5,0.961237
213.1,5,0.961237
213.2,5,0.961237
213.3,5,0.961237
213.4,5,0.961237
213.5,5,0.961237
213.6,5,0.961237
213.7,5,0.961237
213.8,5,0.961237
213.9,5,0.961237
214,5,0.961237
214.1,5,0.961237
214.2,5,0.961237
214.3,5,0.961237
214.4,5,0.961237
214.5,5,0.961237
214.6,5,0.961237
214.7,5,0.961237
214.8,5,0.961237
214.9,5,0.961237
215,5,0.961237
215.1,5,0.961237
215.2,5,0.961237
215.3,5,0.961237
215.4,5,0.961237
215.5,5,0.961237
215.6,5,0.961237
215.7,5,0.961237
215.8,5,0.961237
215.9,5,0.961237
216,5,0.961237
216.1,5,0.961237
216.2,5,0.961237
216.3,5,0.961237
216.4,5,0.961237
216.5,5,0.961237
216.6,5,0.961237
216.7,5,0.961237
216.8,5,0.961237
216.9,5,0.961237
217,5,0.961237
217.1,5,0.961237
217.2,5,0.961237
217.3,5,0.961237
217.4,5,0.961237
217.5,5,0.961237
217.6,5,0.961237
217.7,5,0.961237
217.8,5,0.961237
217.9,5,0.961237
218,5,0.961237
218.1,5,0.961237
218.2,5,0.961237
218.3,5,0.961237
218.4,5,0.961237
218.5,5,0.961237
218.6,5,0.961237
218.7,5,0.961237
218.8,5,0.961237
218.9,5,0.961237
219,5,0.961237
219.1,5,0.961237
219.2,5,0.961237
219.3,5,0.961237
219.4,5,0.961237
219.5,5,0.961237
219.6,5,0.961237
219.7,5,0.961237
219.8,5,0.961237
219.9,5,0.961237
220,5,0.961237
220.1,5,0.961237
220.2,5,0.961237
220.3,5,0.961237
220.4,5,0.961237
220.5,5,0.961237
220.6,5,0.961237
220.7,5,0.961237
220.8,5,0.961237
220.9,5,0.961237
221,5,0.961237
221.1,5,0.961237
221.2,5,0.961237
221.3,5,0.961237
221.4,5,0.961237
221.5,5,0.961237
221.6,5,0.961237
221.7,5,0.961237
221.8,5,0.961237
221.9,5,0.961237
222,5,0.961237
222.1,5,0.961237
222.2,5,0.961237
222.3,5,0.961237
222.4,5,0.961237
222.5,5,0.961237
222.6,5,0.961237
222.7,5,0.961237
222.8,5,0.961237
222.9,5,0.961237
223,5,0.961237
223.1,5,0.961237
223.2,5,0.961237
223.3,5,0.961237
223.4,5,0.961237
223.5,5,0.961237
223.6,5,0.961237
223.7,5,0.961237
223.8,5,0.961237
223.9,5,0.961237
224,5,0.961237
224.1,5,0.961237
224.2,5,0.961237
224.3,5,0.961237
224.4,5,0.961237
224.5,5,0.961237
224.6,5,0.961237
224.7,5,0.961237
224.8,5,0.961237
224.9,5,0.961237
225,5,0.961237
225.1,5,0.961237
225.2,5,0.961237
225.3,5,0.961237
225.4,5,0.961237
225.5,5,0.961237
225.6,5,0.961237
225.7,5,0.961237
225.8,5,0.961237
225.9,5,0.961237
226,5,0.961237
226.1,5,0.961237
226.2,5,0.961237
226.3,5,0.961237
226.4,5,0.961237
226.5,5,0.961237
226.6,5,0.961237
226.7,5,0.961237
226.8,5,0.961237
226.9,5,0.961237
227,5,0.961237
227.1,5,0.961237
227.2,5,0.961237
227.3,5,0.961237
227.4,5,0.961237
227.5,5,0.961237
227.6,5,0.961237
227.7,5,0.961237
227.8,5,0.961237
227.9,5,0.961237
228,5,0.961237
228.1,5,0.961237
228.2,5,0.961237
228.3,5,0.961237
228.4,5,0.961237
228.5,5,0.961237
228.6,5,0.961237
228.7,5,0.961237
228.8,5,0.961237
228.9,5,0.961237
229,5,0.961237
229.1,5,0.961237
229.2,5,0.961237
229.3,5,0.961237
229.4,5,0.961237
229.5,5,0.961237
229.6,5,0.961237
229.7,5,0.961237
229.8,5,0.961237
229.9,5,0.961237
230,5,0.961237
230.1,5,0.961237
230.2,5,0.961237
230.3,5,0.961237
230.4,5,0.961237
230.5,5,0.961237
230.6,5,0.961237
230.7,5,0.961237
230.8,5,0.961237
230.9,5,0.961237
231,5,0.961237
231.1,5,0.961237
231.2,5,0.961237
231.3,5,0.961237
231.4,5,0.961237
231.5,5,0.961237
231.6,5,0.961237
231.7,5,0.961237
231.8,5,0.961237
231.9,5,0.961237
232,5,0.961237
232.1,5,0.961237
232.2,5,0.961237
232.3,5,0.961237
232.4,5,0.961237
232.5,5,0.961237
232.6,5,0.961237
232.7,5,0.961237
232.8,5,0.961237
232.9,5,0.961237
233,5,0.961237
233.1,5,0.961237
233.2,5,0.961237
233.3,5,0.961237
233.4,5,0.961237
233.5,5,0.961237
233.6,5,0.961237
233.7,5,0.961237
233.8,5,0.961237
233.9,5,0.961237
234,5,0.961237
234.1,5,0.961237
234.2,5,0.961237
234.3,5,0.961237
234.4,5,0.961237
234.5,5,0.961237
234.6,5,0.961237
234.7,5,0.961237
234.8,5,0.961237
234.9,5,0.961237
235,5,0.961237
235.1,5,0.961237
235.2,5,0.961237
235.3,5,0.961237
235.4,5,0.961237
235.5,5,0.961237
235.6,5,0.961237
235.7,5,0.961237
235.8,5,0.961237
235.9,5,0.961237
236,5,0.961237
236.1,5,0.961237
236.2,5,0.961237
236.3,5,0.961237
236.4,5,0.961237
236.5,5,0.961237
236.6,5,0.961237
236.7,5,0.961237
236.8,5,0.961237
236.9,5,0.961237
237,5,0.961237
237.1,5,0.961237
237.2,5,0.961237
237.3,5,0.961237
237.4,5,0.961237
237.5,5,0.961237
237.6,5,0.961237
237.7,5,0.961237
237.8,5,0.961237
237.9,5,0.961237
238,5,0.961237
238.1,5,0.961237
238.2,5,0.961237
238.3,5,0.961237
238.4,5,0.961237
238.5,5,0.961237
238.6,5,0.961237
238.7,5,0.961237
238.8,5,0.961237
238.9,5,0.961237
239,5,0.961237
239.1,5,0.961237
239.2,5,0.961237
239.3,5,0.961237
239.4,5,0.961237
239.5,5,0.961237
239.6,5,0.961237
239.7,5,0.961237
239.8,5,0.961237
239.9,5,0.961237
240,5,0.961237
240.1,5,0.961237
240.2,5,0.961237
240.3,5,0.961237
240.4,5,0.961237
240.5,5,0.961237
240.6,5,0.961237
240.7,5,0.961237
240.8,5,0.961237
240.9,5,0.961237
241,5,0.961237
241.1,5,0.961237
241.2,5,0.961237
241.3,5,0.961237
241.4,5,0.961237
241.5,5,0.961237
241.6,5,0.961237
241.7,5,0.961237
241.8,5,0.961237
241.9,5,0.961237
242,5,0.961237
242.1,5,0.961237
242.2,5,0.961237
242.3,5,0.961237
242.4,5,0.961237
242.5,5,0.961237
242.6,5,0.961237
242.7,5,0.961237
242.8,5,0.961237
242.9,5,0.961237
243,5,0.961237
243.1,5,0.961237
243.2,5,0.961237
243.3,5,0.961237
243.4,5,0.961237
243.5,5,0.961237
243.6,5,0.961237
243.7,5,0.961237
243.8,5,0.961237
243.9,5,0.961237
244,5,0.961237
244.1,5,0.961237
244.2,5,0.961237
244.3,5,0.961237
244.4,5,0.961237
244.5,5,0.961237
244.6,5,0.961237
244.7,5,0.961237
244.8,5,0.961237
244.9,5,0.961237
245,5,0.961237
245.1,5,0.961237
245.2,5,0.961237
245.3,5,0.961237
245.4,5,0.961237
245.5,5,0.961237
245.6,5,0.961237
245.7,5,0.961237
245.8,5,0.961237
245.9,5,0.961237
246,5,0.961237
246.1,5,0.961237
246.2,5,0.961237
246.3,5,0.961237
246.4,5,0.961237
246.5,5,0.961237
246.6,5,0.961237
246.7,5,0.961237
246.8,5,0.961237
246.9,5,0.961237
247,5,0.961237
247.1,5,0.961237
247.2,5,0.961237
247.3,5,0.961237
247.4,5,0.961237
247.5,5,0.961237
247.6,5,0.961237
247.7,5,0.961237
247.8,5,0.961237
247.9,5,0.961237
248,5,0.961237
248.1,5,0.961237
248.2,5,0.961237
248.3,5,0.961237
248.4,5,0.961237
248.5,5,0.961237
248.6,5,0.961237
248.7,5,0.961237
248.8,5,0.961237
248.9,5,0.961237
249,5,0.961237
249.1,5,0.961237
249.2,5,0.961237
249.3,5,0.961237
249.4,5,0.961237
249.5,5,0.961237
249.6,5,0.961237
249.7,5,0.961237
249.8,5,0.961237
249.9,5,0.961237
250,5,0.961237
250.1,5,0.961237
250.2,5,0.961237
250.3,5,0.961237
250.4,5,0.961237
250.5,5,0.961237
250.6,5,0.961237
250.7,5,0.961237
250.8,5,0.961237
250.9,5,0.961237
251,5,0.961237
251.1,5,0.961237
251.2,5,0.961237
251.3,5,0.961237
251.4,5,0.961237
251.5,5,0.961237
251.6,5,0.961237
251.7,5,0.961237
251.8,5,0.961237
251.9,5,0.961237
252,5,0.961237
252.1,5,0.961237
252.2,5,0.961237
252.3,5,0.961237
252.4,5,0.961237
252.5,5,0.961237
252.6,5,0.961237
252.7,5,0.961237
252.8,5,0.961237
252.9,5,0.961237
253,5,0.961237
253.1,5,0.961237
253.2,5,0.961237
253.3,5,0.961237
253.4,5,0.961237
253.5,5,0.961237
253.6,5,0.961237
253.7,5,0.961237
253.8,5,0.961237
253.9,5,0.961237
254,5,0.961237
254.1,5,0.961237
254.2,5,0.961237
254.3,5,0.961237
254.4,5,0.961237
254.5,5,0.961237
254.6,5,0.961237
254.7,5,0.961237
254.8,5,0.961237
254.9,5,0.961237
255,5,0.961237
255.1,5,0.961237
255.2,5,0.961237
255.3,5,0.961237
255.4,5,0.961237
255.5,5,0.961237
255.6,5,0.961237
255.7,5,0.961237
255.8,5,0.961237
255.9,5,0.961237
256,5,0.961237
256.1,5,0.961237
256.2,5,0.961237
256.3,5,0.961237
256.4,5,0.961237
256.5,5,0.961237
256.6,5,0.961237
256.7,5,0.961237
256.8,5,0.961237
256.9,5,0.961237
257,5,0.961237
257.1,5,0.961237
257.2,5,0.961237
257.3,5,0.961237
257.4,5,0.961237
257.5,5,0.961237
257.6,5,0.961237
257.7,5,0.961237
257.8,5,0.961237
257.9,5,0.961237
258,5,0.961237
258.1,5,0.961237
258.2,5,0.961237
258.3,5,0.961237
258.4,5,0.961237
258.5,5,0.961237
258.6,5,0.961237
258.7,5,0.961237
258.8,5,0.961237
258.9,5,0.961237
259,5,0.961237
259.1,5,0.961237
259.2,5,0.961237
259.3,5,0.961237
259.4,5,0.961237
259.5,5,0.961237
259.6,5,0.961237
259.7,5,0.961237
259.8,5,0.961237
259.9,5,0.961237
260,5,0.961237
260.1,5,0.961237
260.2,5,0.961237
260.3,5,0.961237
260.4,5,0.961237
260.5,5,0.961237
260.6,5,0.961237
260.7,5,0.961237
260.8,5,0.961237
260.9,5,0.961237
261,5,0.961237
261.1,5,0.961237
261.2,5,0.961237
261.3,5,0.961237
261.4,5,0.961237
261.5,5,0.961237
261.6,5,0.961237
261.7,5,0.961237
261.8,5,0.961237
261.9,5,0.961237
262,5,0.961237
262.1,5,0.961237
262.2,5,0.961237
262.3,5,0.961237
262.4,5,0.961237
262.5,5,0.961237
262.6,5,0.961237
262.7,5,0.961237
262.8,5,0.961237
262.9,5,0.961237
263,5,0.961237
263.1,5,0.961237
263.2,5,0.961237
263.3,5,0.961237
263.4,5,0.961237
263.5,5,0.961237
263.6,5,0.961237
263.7,5,0.961237
263.8,5,0.961237
263.9,5,0.961237
264,5,0.961237
264.1,5,0.961237
264.2,5,0.961237
264.3,5,0.961237
264.4,5,0.961237
264.5,5,0.961237
264.6,5,0.961237
264.7,5,0.961237
264.8,5,0.961237
264.9,5,0.961237
265,5,0.961237
265.1,5,0.961237
265.2,5,0.961237
265.3,5,0.961237
265.4,5,0.961237
265.5,5,0.961237
265.6,5,0.961237
265.7,5,0.961237
265.8,5,0.961237
265.9,5,0.961237
266,5,0.961237
266.1,5,0.961237
266.2,5,0.961237
266.3,5,0.961237
266.4,5,0.961237
266.5,5,0.961237
266.6,5,0.961237
266.7,5,0.961237
266.8,5,0.961237
266.9,5,0.961237
267,5,0.961237
267.1,5,0.961237
267.2,5,0.961237
267.3,5,0.961237
267.4,5,0.961237
267.5,5,0.961237
267.6,5,0.961237
267.7,5,0.961237
267.8,5,0.961237
267.9,5,0.961237
268,5,0.961237
268.1,5,0.961237
268.2,5,0.961237
268.3,5,0.961237
268.4,5,0.961237
268.5,5,0.961237
268.6,5,0.961237
268.7,5,0.961237
268.8,5,0.961237
268.9,5,0.961237
269,5,0.961237
269.1,5,0.961237
269.2,5,0.961237
269.3,5,0.961237
269.4,5,0.961237
269.5,5,0.961237
269.6,5,0.961237
269.7,5,0.961237
269.8,5,0.961237
269.9,5,0.961237
270,5,0.961237
270.1,5,0.961237
270.2,5,0.961237
270.3,5,0.961237
270.4,5,0.961237
270.5,5,0.961237
270.6,5,0.961237
270.7,5,0.961237
270.8,5,0.961237
270.9,5,0.961237
271,5,0.961237
271.1,5,0.961237
271.2,5,0.961237
271.3,5,0.961237
271.4,5,0.961237
271.5,5,0.961237
271.6,5,0.961237
271.7,5,0.961237
271.8,5,0.961237
271.9,5,0.961237
272,5,0.961237
272.1,5,0.961237
272.2,5,0.961237
272.3,5,0.961237
272.4,5,0.961237
272.5,5,0.961237
272.6,5,0.961237
272.7,5,0.961237
272.8,5,0.961237
272.9,5,0.961237
273,5,0.961237
273.1,5,0.961237
273.2,5,0.961237
273.3,5,0.961237
273.4,5,0.961237
273.5,5,0.961237
273.6,5,0.961237
273.7,5,0.961237
273.8,5,0.961237
273.9,5,0.961237
274,5,0.961237
274.1,5,0.961237
274.2,5,0.961237
274.3,5,0.961237
274.4,5,0.961237
274.5,5,0.961237
274.6,5,0.961237
274.7,5,0.961237
274.8,5,0.961237
274.9,5,0.961237
275,5,0.961237
275.1,5,0.961237
275.2,5,0.961237
275.3,5,0.961237
275.4,5,0.961237
275.5,5,0.961237
275.6,5,0.961237
275.7,5,0.961237
275.8,5,0.961237
275.9,5,0.961237
276,5,0.961237
276.1,5,0.961237
276.2,5,0.961237
276.3,5,0.961237
276.4,5,0.961237
276.5,5,0.961237
276.6,5,0.961237
276.7,5,0.961237
276.8,5,0.961237
276.9,5,0.961237
277,5,0.961237
277.1,5,0.961237
277.2,5,0.961237
277.3,5,0.961237
277.4,5,0.961237
277.5,5,0.961237
277.6,5,0.961237
277.7,5,0.961237
277.8,5,0.961237
277.9,5,0.961237
278,5,0.961237
278.1,5,0.961237
278.2,5,0.961237
278.3,5,0.961237
278.4,5,0.961237
278.5,5,0.961237
278.6,5,0.961237
278.7,5,0.961237
278.8,5,0.961237
278.9,5,0.961237
279,5,0.961237
279.1,5,0.961237
279.2,5,0.961237
279.3,5,0.961237
279.4,5,0.961237
279.5,5,0.961237
279.6,5,0.961237
279.7,5,0.961237
279.8,5,0.961237
279.9,5,0.961237
280,5,0.961237
280.1,5,0.961237
280.2,5,0.961237
280.3,5,0.961237
280.4,5,0.961237
280.5,5,0.961237
280.6,5,0.961237
280.7,5,0.961237
280.8,5,0.961237
280.9,5,0.961237
281,5,0.961237
281.1,5,0.961237
281.2,5,0.961237
281.3,5,0.961237
281.4,5,0.961237
281.5,5,0.961237
281.6,5,0.961237
281.7,5,0.961237
281.8,5,0.961237
281.9,5,0.961237
282,5,0.961237
282.1,5,0.961237
282.2,5,0.961237
282.3,5,0.961237
282.4,5,0.961237
282.5,5,0.961237
282.6,5,0.961237
282.7,5,0.961237
282.8,5,0.961237
282.9,5,0.961237
283,5,0.961237
283.1,5,0.961237
283.2,5,0.961237
283.3,5,0.961237
283.4,5,0.961237
283.5,5,0.961237
283.6,5,0.961237
283.7,5,0.961237
283.8,5,0.961237
283.9,5,0.961237
284,5,0.961237
284.1,5,0.961237
284.2,5,0.961237
284.3,5,0.961237
284.4,5,0.961237
284.5,5,0.961237
284.6,5,0.961237
284.7,5,0.961237
284.8,5,0.961237
284.9,5,0.961237
285,5,0.961237
285.1,5,0.961237
285.2,5,0.961237
285.3,5,0.961237
285.4,5,0.961237
285.5,5,0.961237
285.6,5,0.961237
285.7,5,0.961237
285.8,5,0.961237
285.9,5,0.961237
286,5,0.961237
286.1,5,0.961237
286.2,5,0.961237
286.3,5,0.961237
286.4,5,0.961237
286.5,5,0.961237
286.6,5,0.961237
286.7,5,0.961237
286.8,5,0.961237
286.9,5,0.961237
287,5,0.961237
287.1,5,0.961237
287.2,5,0.961237
287.3,5,0.961237
287.4,5,0.961237
287.5,5,0.961237
287.6,5,0.961237
287.7,5,0.961237
287.8,5,0.961237
287.9,5,0.961237
288,5,0.961237
288.1,5,0.961237
288.2,5,0.961237
288.3,5,0.961237
288.4,5,0.961237
288.5,5,0.961237
288.6,5,0.961237
288.7,5,0.961237
288.8,5,0.961237
288.9,5,0.961237
289,5,0.961237
289.1,5,0.961237
289.2,5,0.961237
289.3,5,0.961237
289.4,5,0.961237
289.5,5,0.961237
289.6,5,0.961237
289.7,5,0.961237
289.8,5,0.961237
289.9,5,0.961237
290,5,0.961237
290.1,5,0.961237
290.2,5,0.961237
290.3,5,0.961237
290.4,5,0.961237
290.5,5,0.961237
290.6,5,0.961237
290.7,5,0.961237
290.8,5,0.961237
290.9,5,0.961237
291,5,0.961237
291.1,5,0.961237
291.2,5,0.961237
291.3,5,0.961237
291.4,5,0.961237
291.5,5,0.961237
291.6,5,0.961237
291.7,5,0.961237
291.8,5,0.961237
291.9,5,0.961237
292,5,0.961237
292.1,5,0.961237
292.2,5,0.961237
292.3,5,0.961237
292.4,5,0.961237
292.5,5,0.961237
292.6,5,0.961237
292.7,5,0.961237
292.8,5,0.961237
292.9,5,0.961237
293,5,0.961237
293.1,5,0.961237
293.2,5,0.961237
293.3,5,0.961237
293.4,5,0.961237
293.5,5,0.961237
293.6,5,0.961237
293.7,5,0.961237
293.8,5,0.961237
293.9,5,0.961237
294,5,0.961237
294.1,5,0.961237
294.2,5,0.961237
294.3,5,0.961237
294.4,5,0.961237
294.5,5,0.961237
294.6,5,0.961237
294.7,5,0.961237
294.8,5,0.961237
294.9,5,0.961237
295,5,0.961237
295.1,5,0.961237
295.2,5,0.961237
295.3,5,0.961237
295.4,5,0.961237
295.5,5,0.961237
295.6,5,0.961237
295.7,5,0.961237
295.8,5,0.961237
295.9,5,0.961237
296,5,0.961237
296.1,5,0.961237
296.2,5,0.961237
296.3,5,0.961237
296.4,5,0.961237
296.5,5,0.961237
296.6,5,0.961237
296.7,5,0.961237
296.8,5,0.961237
296.9,5,0.961237
297,5,0.961237
297.1,5,0.961237
297.2,5,0.961237
297.3,5,0.961237
297.4,5,0.961237
297.5,5,0.961237
297.6,5,0.961237
297.7,5,0.961237
297.8,5,0.961237
297.9,5,0.961237
298,5,0.961237
298.1,5,0.961237
298.2,5,0.961237
298.3,5,0.961237
298.4,5,0.961237
298.5,5,0.961237
298.6,5,0.961237
298.7,5,0.961237
298.8,5,0.961237
298.9,5,0.961237
299,5,0.961237
299.1,5,0.961237
299.2,5,0.961237
299.3,5,0.961237
299.4,5,0.961237
299.5,5,0.961237
299.6,5,0.961237
299.7,5,0.961237
299.8,5,0.961237
299.9,5,0.961237
300,5,0.961237
300.1,5,0.961237
300.2,5,0.961237
300.3,5,0.961237
300.4,5,0.961237
300.5,5,0.961237
300.6,5,0.961237
300.7,5,0.961237
300.8,5,0.961237
300.9,5,0.961237
301,5,0.961237
301.1,5,0.961237
301.2,5,0.961237
301.3,5,0.961237
301.4,5,0.961237
301.5,5,0.961237
301.6,5,0.961237
301.7,5,0.961237
301.8,5,0.961237
301.9,5,0.961237
302,5,0.961237
302.1,5,0.961237
302.2,5,0.961237
302.3,5,0.961237
302.4,5,0.961237
302.5,5,0.961237
302.6,5,0.961237
302.7,5,0.961237
302.8,5,0.961237
302.9,5,0.961237
303,5,0.961237
303.1,5,0.961237
303.2,5,0.961237
303.3,5,0.961237
303.4,5,0.961237
303.5,5,0.961237
303.6,5,0.961237
303.7,5,0.961237
303.8,5,0.961237
303.9,5,0.961237
304,5,0.961237
304.1,5,0.961237
304.2,5,0.961237
304.3,5,0.961237
304.4,5,0.961237
304.5,5,0.961237
304.6,5,0.961237
304.7,5,0.961237
304.8,5,0.961237
304.9,5,0.961237
305,5,0.961237
305.1,5,0.961237
305.2,5,0.961237
305.3,5,0.961237
305.4,5,0.961237
305.5,5,0.961237
305.6,5,0.961237
305.7,5,0.961237
305.8,5,0.961237
305.9,5,0.961237
306,5,0.961237
306.1,5,0.961237
306.2,5,0.961237
306.3,5,0.961237
306.4,5,0.961237
306.5,5,0.961237
306.6,5,0.961237
306.7,5,0.961237
306.8,5,0.961237
306.9,5,0.961237
307,5,0.961237
307.1,5,0.961237
307.2,5,0.961237
307.3,5,0.961237
307.4,5,0.961237
307.5,5,0.961237
307.6,5,0.961237
307.7,5,0.961237
307.8,5,0.961237
307.9,5,0.961237
308,5,0.961237
308.1,5,0.961237
308.2,5,0.961237
308.3,5,0.961237
308.4,5,0.961237
308.5,5,0.961237
308.6,5,0.961237
308.7,5,0.961237
308.8,5,0.961237
308.9,5,0.961237
309,5,0.961237
309.1,5,0.961237
309.2,5,0.961237
309.3,5,0.961237
309.4,5,0.961237
309.5,5,0.961237
309.6,5,0.961237
309.7,5,0.961237
309.8,5,0.961237
309.9,5,0.961237
310,5,0.961237
310.1,5,0.961237
310.2,5,0.961237
310.3,5,0.961237
310.4,5,0.961237
310.5,5,0.961237
310.6,5,0.961237
310.7,5,0.961237
310.8,5,0.961237
310.9,5,0.961237
311,5,0.961237
311.1,5,0.961237
311.2,5,0.961237
311.3,5,0.961237
311.4,5,0.961237
311.5,5,0.961237
311.6,5,0.961237
311.7,5,0.961237
311.8,5,0.961237
311.9,5,0.961237
312,5,0.961237
312.1,5,0.961237
312.2,5,0.961237
312.3,5,0.961237
312.4,5,0.961237
312.5,5,0.961237
312.6,5,0.961237
312.7,5,0.961237
312.8,5,0.961237
312.9,5,0.961237
313,5,0.961237
313.1,5,0.961237
313.2,5,0.961237
313.3,5,0.961237
313.4,5,0.961237
313.5,5,0.961237
313.6,5,0.961237
313.7,5,0.961237
313.8,5,0.961237
313.9,5,0.961237
314,5,0.961237
314.1,5,0.961237
314.2,5,0.961237
314.3,5,0.961237
314.4,5,0.961237
314.5,5,0.961237
314.6,5,0.961237
314.7,5,0.961237
314.8,5,0.961237
314.9,5,0.961237
315,5,0.961237
315.1,5,0.961237
315.2,5,0.961237
315.3,5,0.961237
315.4,5,0.961237
315.5,5,0.961237
315.6,5,0.961237
315.7,5,0.961237
315.8,5,0.961237
315.9,5,0.961237
316,5,0.961237
316.1,5,0.961237
316.2,5,0.961237
316.3,5,0.961237
316.4,5,0.961237
316.5,5,0.961237
316.6,5,0.961237
316.7,5,0.961237
316.8,5,0.961237
316.9,5,0.961237
317,5,0.961237
317.1,5,0.961237
317.2,5,0.961237
317.3,5,0.961237
317.4,5,0.961237
317.5,5,0.961237
317.6,5,0.961237
317.7,5,0.961237
317.8,5,0.961237
317.9,5,0.961237
318,5,0.961237
318.1,5,0.961237
318.2,5,0.961237
318.3,5,0.961237
318.4,5,0.961237
318.5,5,0.961237
318.6,5,0.961237
318.7,5,0.961237
318.8,5,0.961237
318.9,5,0.961237
319,5,0.961237
319.1,5,0.961237
319.2,5,0.961237
319.3,5,0.961237
319.4,5,0.961237
319.5,5,0.961237
319.6,5,0.961237
319.7,5,0.961237
319.8,5,0.961237
319.9,5,0.961237
320,5,0.961237
320.1,5,0.961237
320.2,5,0.961237
320.3,5,0.961237
320.4,5,0.961237
320.5,5,0.961237
320.6,5,0.961237
320.7,5,0.961237
320.8,5,0.961237
320.9,5,0.961237
321,5,0.961237
321.1,5,0.961237
321.2,5,0.961237
321.3,5,0.961237
321.4,5,0.961237
321.5,5,0.961237
321.6,5,0.961237
321.7,5,0.961237
321.8,5,0.961237
321.9,5,0.961237
322,5,0.961237
322.1,5,0.961237
322.2,5,0.961237
322.3,5,0.961237
322.4,5,0.961237
322.5,5,0.961237
322.6,5,0.961237
322.7,5,0.961237
322.8,5,0.961237
322.9,5,0.961237
323,5,0.961237
323.1,5,0.961237
323.2,5,0.961237
323.3,5,0.961237
323.4,5,0.961237
323.5,5,0.961237
323.6,5,0.961237
323.7,5,0.961237
323.8,5,0.961237
323.9,5,0.961237
324,5,0.961237
324.1,5,0.961237
324.2,5,0.961237
324.3,5,0.961237
324.4,5,0.961237
324.5,5,0.961237
324.6,5,0.961237
324.7,5,0.961237
324.8,5,0.961237
324.9,5,0.961237
325,5,0.961237
325.1,5,0.961237
325.2,5,0.961237
325.3,5,0.961237
325.4,5,0.961237
325.5,5,0.961237
325.6,5,0.961237
325.7,5,0.961237
325.8,5,0.961237
325.9,5,0.961237
326,5,0.961237
326.1,5,0.961237
326.2,5,0.961237
326.3,5,0.961237
326.4,5,0.961237
326.5,5,0.961237
326.6,5,0.961237
326.7,5,0.961237
326.8,5,0.961237
326.9,5,0.961237
327,5,0.961237
327.1,5,0.961237
327.2,5,0.961237
327.3,5,0.961237
327.4,5,0.961237
327.5,5,0.961237
327.6,5,0.961237
327.7,5,0.961237
327.8,5,0.961237
327.9,5,0.961237
328,5,0.961237
328.1,5,0.961237
328.2,5,0.961237
328.3,5,0.961237
328.4,5,0.961237
328.5,5,0.961237
328.6,5,0.961237
328.7,5,0.961237
328.8,5,0.961237
328.9,5,0.961237
329,5,0.961237
329.1,5,0.961237
329.2,5,0.961237
329.3,5,0.961237
329.4,5,0.961237
329.5,5,0.961237
329.6,5,0.961237
329.7,5,0.961237
329.8,5,0.961237
329.9,5,0.961237
330,5,0.961237
330.1,5,0.961237
330.2,5,0.961237
330.3,5,0.961237
330.4,5,0.961237
330.5,5,0.961237
330.6,5,0.961237
330.7,5,0.961237
330.8,5,0.961237
330.9,5,0.961237
331,5,0.961237
331.1,5,0.961237
331.2,5,0.961237
331.3,5,0.961237
331.4,5,0.961237
331.5,5,0.961237
331.6,5,0.961237
331.7,5,0.961237
331.8,5,0.961237
331.9,5,0.961237
332,5,0.961237
332.1,5,0.961237
332.2,5,0.961237
332.3,5,0.961237
332.4,5,0.961237
332.5,5,0.961237
332.6,5,0.961237
332.7,5,0.961237
332.8,5,0.961237
332.9,5,0.961237
333,5,0.961237
333.1,5,0.961237
333.2,5,0.961237
333.3,5,0.961237
333.4,5,0.961237
333.5,5,0.961237
333.6,5,0.961237
333.7,5,0.961237
333.8,5,0.961237
333.9,5,0.961237
334,5,0.961237
334.1,5,0.961237
334.2,5,0.961237
334.3,5,0.961237
334.4,5,0.961237
334.5,5,0.961237
334.6,5,0.961237
334.7,5,0.961237
334.8,5,0.961237
334.9,5,0.961237
335,5,0.961237
335.1,5,0.961237
335.2,5,0.961237
335.3,5,0.961237
335.4,5,0.961237
335.5,5,0.961237
335.6,5,0.961237
335.7,5,0.961237
335.8,5,0.961237
335.9,5,0.961237
336,5,0.961237
336.1,5,0.961237
336.2,5,0.961237
336.3,5,0.961237
336.4,5,0.961237
336.5,5,0.961237
336.6,5,0.961237
336.7,5,0.961237
336.8,5,0.961237
336.9,5,0.961237
337,5,0.961237
337.1,5,0.961237
337.2,5,0.961237
337.3,5,0.961237
337.4,5,0.961237
337.5,5,0.961237
337.6,5,0.961237
337.7,5,0.961237
337.8,5,0.961237
337.9,5,0.961237
338,5,0.961237
338.1,5,0.961237
338.2,5,0.961237
338.3,5,0.961237
338.4,5,0.961237
338.5,5,0.961237
338.6,5,0.961237
338.7,5,0.961237
338.8,5,0.961237
338.9,5,0.961237
339,5,0.961237
339.1,5,0.961237
339.2,5,0.961237
339.3,5,0.961237
339.4,5,0.961237
339.5,5,0.961237
339.6,5,0.961237
339.7,5,0.961237
339.8,5,0.961237
339.9,5,0.961237
340,5,0.961237
340.1,5,0.961237
340.2,5,0.961237
340.3,5,0.961237
340.4,5,0.961237
340.5,5,0.961237
340.6,5,0.961237
340.7,5,0.961237
340.8,5,0.961237
340.9,5,0.961237
341,5,0.961237
341.1,5,0.961237
341.2,5,0.961237
341.3,5,0.961237
341.4,5,0.961237
341.5,5,0.961237
341.6,5,0.961237
341.7,5,0.961237
341.8,5,0.961237
341.9,5,0.961237
342,5,0.961237
342.1,5,0.961237
342.2,5,0.961237
342.3,5,0.961237
342.4,5,0.961237
342.5,5,0.961237
342.6,5,0.961237
342.7,5,0.961237
342.8,5,0.961237
342.9,5,0.961237
343,5,0.961237
343.1,5,0.961237
343.2,5,0.961237
343.3,5,0.961237
343.4,5,0.961237
343.5,5,0.961237
343.6,5,0.961237
343.7,5,0.961237
343.8,5,0.961237
343.9,5,0.961237
344,5,0.961237
344.1,5,0.961237
344.2,5,0.961237
344.3,5,0.961237
344.4,5,0.961237
344.5,5,0.961237
344.6,5,0.961237
344.7,5,0.961237
344.8,5,0.961237
344.9,5,0.961237
345,5,0.961237
345.1,5,0.961237
345.2,5,0.961237
345.3,5,0.961237
345.4,5,0.961237
345.5,5,0.961237
345.6,5,0.961237
345.7,5,0.961237
345.8,5,0.961237
345.9,5,0.961237
346,5,0.961237
346.1,5,0.961237
346.2,5,0.961237
346.3,5,0.961237
346.4,5,0.961237
346.5,5,0.961237
346.6,5,0.961237
346.7,5,0.961237
346.8,5,0.961237
346.9,5,0.961237
347,5,0.961237
347.1,5,0.961237
347.2,5,0.961237
347.3,5,0.961237
347.4,5,0.961237
347.5,5,0.961237
347.6,5,0.961237
347.7,5,0.961237
347.8,5,0.961237
347.9,5,0.961237
348,5,0.961237
348.1,5,0.961237
348.2,5,0.961237
348.3,5,0.961237
348.4,5,0.961237
348.5,5,0.961237
348.6,5,0.961237
348.7,5,0.961237
348.8,5,0.961237
348.9,5,0.961237
349,5,0.961237
349.1,5,0.961237
349.2,5,0.961237
349.3,5,0.961237
349.4,5,0.961237
349.5,5,0.961237
349.6,5,0.961237
349.7,5,0.961237
349.8,5,0.961237
349.9,5,0.961237
350,5,0.961237
350.1,5,0.961237
350.2,5,0.961237
350.3,5,0.961237
350.4,5,0.961237
350.5,5,0.961237
350.6,5,0.961237
350.7,5,0.961237
350.8,5,0.961237
350.9,5,0.961237
351,5,0.961237
351.1,5,0.961237
351.2,5,0.961237
351.3,5,0.961237
351.4,5,0.961237
351.5,5,0.961237
351.6,5,0.961237
351.7,5,0.961237
351.8,5,0.961237
351.9,5,0.961237
352,5,0.961237
352.1,5,0.961237
352.2,5,0.961237
352.3,5,0.961237
352.4,5,0.961237
352.5,5,0.961237
352.6,5,0.961237
352.7,5,0.961237
352.8,5,0.961237
352.9,5,0.961237
353,5,0.961237
353.1,5,0.961237
353.2,5,0.961237
353.3,5,0.961237
353.4,5,0.961237
353.5,5,0.961237
353.6,5,0.961237
353.7,5,0.961237
353.8,5,0.961237
353.9,5,0.961237
354,5,0.961237
354.1,5,0.961237
354.2,5,0.961237
354.3,5,0.961237
354.4,5,0.961237
354.5,5,0.961237
354.6,5,0.961237
354.7,5,0.961237
354.8,5,0.961237
354.9,5,0.961237
355,5,0.961237
355.1,5,0.961237
355.2,5,0.961237
355.3,5,0.961237
355.4,5,0.961237
355.5,5,0.961237
355.6,5,0.961237
355.7,5,0.961237
355.8,5,0.961237
355.9,5,0.961237
356,5,0.961237
356.1,5,0.961237
356.2,5,0.961237
356.3,5,0.961237
356.4,5,0.961237
356.5,5,0.961237
356.6,5,0.961237
356.7,5,0.961237
356.8,5,0.961237
356.9,5,0.961237
357,5,0.961237
357.1,5,0.961237
357.2,5,0.961237
357.3,5,0.961237
357.4,5,0.961237
357.5,5,0.961237
357.6,5,0.961237
357.7,5,0.961237
357.8,5,0.961237
357.9,5,0.961237
358,5,0.961237
358.1,5,0.961237
358.2,5,0.961237
358.3,5,0.961237
358.4,5,0.961237
358.5,5,0.961237
358.6,5,0.961237
358.7,5,0.961237
358.8,5,0.961237
358.9,5,0.961237
359,5,0.961237
359.1,5,0.961237
359.2,5,0.961237
359.3,5,0.961237
359.4,5,0.961237
359.5,5,0.961237
359.6,5,0.961237
359.7,5,0.961237
359.8,5,0.961237
359.9,5,0.961237
360,5,0.961237
360.1,5,0.961237
360.2,5,0.961237
360.3,5,0.961237
360.4,5,0.961237
360.5,5,0.961237
360.6,5,0.961237
360.7,5,0.961237
360.8,5,0.961237
360.9,5,0.961237
361,5,0.961237
361.1,5,0.961237
361.2,5,0.961237
361.3,5,0.961237
361.4,5,0.961237
361.5,5,0.961237
361.6,5,0.961237
361.7,5,0.961237
361.8,5,0.961237
361.9,5,0.961237
362,5,0.961237
362.1,5,0.961237
362.2,5,0.961237
362.3,5,0.961237
362.4,5,0.961237
362.5,5,0.961237
362.6,5,0.961237
362.7,5,0.961237
362.8,5,0.961237
362.9,5,0.961237
363,5,0.961237
363.1,5,0.961237
363.2,5,0.961237
363.3,5,0.961237
363.4,5,0.961237
363.5,5,0.961237
363.6,5,0.961237
363.7,5,0.961237
363.8,5,0.961237
363.9,5,0.961237
364,5,0.961237
364.1,5,0.961237
364.2,5,0.961237
364.3,5,0.961237
364.4,5,0.961237
364.5,5,0.961237
364.6,5,0.961237
364.7,5,0.961237
364.8,5,0.961237
364.9,5,0.961237
365,5,0.961237
365.1,5,0.961237
365.2,5,0.961237
365.3,5,0.961237
365.4,5,0.961237
365.5,5,0.961237
365.6,5,0.961237
365.7,5,0.961237
365.8,5,0.961237
365.9,5,0.961237
366,5,0.961237
366.1,5,0.961237
366.2,5,0.961237
366.3,5,0.961237
366.4,5,0.961237
366.5,5,0.961237
366.6,5,0.961237
366.7,5,0.961237
366.8,5,0.961237
366.9,5,0.961237
367,5,0.961237
367.1,5,0.961237
367.2,5,0.961237
367.3,5,0.961237
367.4,5,0.961237
367.5,5,0.961237
367.6,5,0.961237
367.7,5,0.961237
367.8,5,0.961237
367.9,5,0.961237
368,5,0.961237
368.1,5,0.961237
368.2,5,0.961237
368.3,5,0.961237
368.4,5,0.961237
368.5,5,0.961237
368.6,5,0.961237
368.7,5,0.961237
368.8,5,0.961237
368.9,5,0.961237
369,5,0.961237
369.1,5,0.961237
369.2,5,0.961237
369.3,5,0.961237
369.4,5,0.961237
369.5,5,0.961237
369.6,5,0.961237
369.7,5,0.961237
369.8,5,0.961237
369.9,5,0.961237
370,5,0.961237
370.1,5,0.961237
370.2,5,0.961237
370.3,5,0.961237
370.4,5,0.961237
370.5,5,0.961237
370.6,5,0.961237
370.7,5,0.961237
370.8,5,0.961237
370.9,5,0.961237
371,5,0.961237
371.1,5,0.961237
371.2,5,0.961237
371.3,5,0.961237
371.4,5,0.961237
371.5,5,0.961237
371.6,5,0.961237
371.7,5,0.961237
371.8,5,0.961237
371.9,5,0.961237
372,5,0.961237
372.1,5,0.961237
372.2,5,0.961237
372.3,5,0.961237
372.4,5,0.961237
372.5,5,0.961237
372.6,5,0.961237
372.7,5,0.961237
372.8,5,0.961237
372.9,5,0.961237
373,5,0.961237
373.1,5,0.961237
373.2,5,0.961237
373.3,5,0.961237
373.4,5,0.961237
373.5,5,0.961237
373.6,5,0.961237
373.7,5,0.961237
373.8,5,0.961237
373.9,5,0.961237
374,5,0.961237
374.1,5,0.961237
374.2,5,0.961237
374.3,5,0.961237
374.4,5,0.961237
374.5,5,0.961237
374.6,5,0.961237
374.7,5,0.961237
374.8,5,0.961237
374.9,5,0.961237
375,5,0.961237
375.1,5,0.961237
375.2,5,0.961237
375.3,5,0.961237
375.4,5,0.961237
375.5,5,0.961237
375.6,5,0.961237
375.7,5,0.961237
375.8,5,0.961237
375.9,5,0.961237
376,5,0.961237
376.1,5,0.961237
376.2,5,0.961237
376.3,5,0.961237
376.4,5,0.961237
376.5,5,0.961237
376.6,5,0.961237
376.7,5,0.961237
376.8,5,0.961237
376.9,5,0.961237
377,5,0.961237
377.1,5,0.961237
377.2,5,0.961237
377.3,5,0.961237
377.4,5,0.961237
377.5,5,0.961237
377.6,5,0.961237
377.7,5,0.961237
377.8,5,0.961237
377.9,5,0.961237
378,5,0.961237
378.1,5,0.961237
378.2,5,0.961237
378.3,5,0.961237
378.4,5,0.961237
378.5,5,0.961237
378.6,5,0.961237
378.7,5,0.961237
378.8,5,0.961237
378.9,5,0.961237
379,5,0.961237
379.1,5,0.961237
379.2,5,0.961237
379.3,5,0.961237
379.4,5,0.961237
379.5,5,0.961237
379.6,5,0.961237
379.7,5,0.961237
379.8,5,0.961237
379.9,5,0.961237
380,5,0.961237
380.1,5,0.961237
380.2,5,0.961237
380.3,5,0.961237
380.4,5,0.961237
380.5,5,0.961237
380.6,5,0.961237
380.7,5,0.961237
380.8,5,0.961237
380.9,5,0.961237
381,5,0.961237
381.1,5,0.961237
381.2,5,0.961237
381.3,5,0.961237
381.4,5,0.961237
381.5,5,0.961237
381.6,5,0.961237
381.7,5,0.961237
381.8,5,0.961237
381.9,5,0.961237
382,5,0.961237
382.1,5,0.961237
382.2,5,0.961237
382.3,5,0.961237
382.4,5,0.961237
382.5,5,0.961237
382.6,5,0.961237
382.7,5,0.961237
382.8,5,0.961237
382.9,5,0.961237
383,5,0.961237
383.1,5,0.961237
383.2,5,0.961237
383.3,5,0.961237
383.4,5,0.961237
383.5,5,0.961237
383.6,5,0.961237
383.7,5,0.961237
383.8,5,0.961237
383.9,5,0.961237
384,5,0.961237
384.1,5,0.961237
384.2,5,0.961237
384.3,5,0.961237
384.4,5,0.961237
384.5,5,0.961237
384.6,5,0.961237
384.7,5,0.961237
384.8,5,0.961237
384.9,5,0.961237
385,5,0.961237
385.1,5,0.961237
385.2,5,0.961237
385.3,5,0.961237
385.4,5,0.961237
385.5,5,0.961237
385.6,5,0.961237
385.7,5,0.961237
385.8,5,0.961237
385.9,5,0.961237
386,5,0.961237
386.1,5,0.961237
386.2,5,0.961237
386.3,5,0.961237
386.4,5,0.961237
386.5,5,0.961237
386.6,5,0.961237
386.7,5,0.961237
386.8,5,0.961237
386.9,5,0.961237
387,5,0.961237
387.1,5,0.961237
387.2,5,0.961237
387.3,5,0.961237
387.4,5,0.961237
387.5,5,0.961237
387.6,5,0.961237
387.7,5,0.961237
387.8,5,0.961237
387.9,5,0.961237
388,5,0.961237
388.1,5,0.961237
388.2,5,0.961237
388.3,5,0.961237
388.4,5,0.961237
388.5,5,0.961237
388.6,5,0.961237
388.7,5,0.961237
388.8,5,0.961237
388.9,5,0.961237
389,5,0.961237
389.1,5,0.961237
389.2,5,0.961237
389.3,5,0.961237
389.4,5,0.961237
389.5,5,0.961237
389.6,5,0.961237
389.7,5,0.961237
389.8,5,0.961237
389.9,5,0.961237
390,5,0.961237
390.1,5,0.961237
390.2,5,0.961237
390.3,5,0.961237
390.4,5,0.961237
390.5,5,0.961237
390.6,5,0.961237
390.7,5,0.961237
390.8,5,0.961237
390.9,5,0.961237
391,5,0.961237
391.1,5,0.961237
391.2,5,0.961237
391.3,5,0.961237
391.4,5,0.961237
391.5,5,0.961237
391.6,5,0.961237
391.7,5,0.961237
391.8,5,0.961237
391.9,5,0.961237
392,5,0.961237
392.1,5,0.961237
392.2,5,0.961237
392.3,5,0.961237
392.4,5,0.961237
392.5,5,0.961237
392.6,5,0.961237
392.7,5,0.961237
392.8,5,0.961237
392.9,5,0.961237
393,5,0.961237
393.1,5,0.961237
393.2,5,0.961237
393.3,5,0.961237
393.4,5,0.961237
393.5,5,0.961237
393.6,5,0.961237
393.7,5,0.961237
393.8,5,0.961237
393.9,5,0.961237
394,5,0.961237
394.1,5,0.961237
394.2,5,0.961237
394.3,5,0.961237
394.4,5,0.961237
394.5,5,0.961237
394.6,5,0.961237
394.7,5,0.961237
394.8,5,0.961237
394.9,5,0.961237
395,5,0.961237
395.1,5,0.961237
395.2,5,0.961237
395.3,5,0.961237
395.4,5,0.961237
395.5,5,0.961237
395.6,5,0.961237
395.7,5,0.961237
395.8,5,0.961237
395.9,5,0.961237
396,5,0.961237
396.1,5,0.961237
396.2,5,0.961237
396.3,5,0.961237
396.4,5,0.961237
396.5,5,0.961237
396.6,5,0.961237
396.7,5,0.961237
396.8,5,0.961237
396.9,5,0.961237
397,5,0.961237
397.1,5,0.961237
397.2,5,0.961237
397.3,5,0.961237
397.4,5,0.961237
397.5,5,0.961237
397.6,5,0.961237
397.7,5,0.961237
397.8,5,0.961237
397.9,5,0.961237
398,5,0.961237
398.1,5,0.961237
398.2,5,0.961237
398.3,5,0.961237
398.4,5,0.961237
398.5,5,0.961237
398.6,5,0.961237
398.7,5,0.961237
398.8,5,0.961237
398.9,5,0.961237
399,5,0.961237
399.1,5,0.961237
399.2,5,0.961237
399.3,5,0.961237
399.4,5,0.961237
399.5,5,0.961237
399.6,5,0.961237
399.7,5,0.961237
399.8,5,0.961237
399.9,5,0.961237
400,5,0.961237
400.1,5,0.961237
400.2,5,0.961237
400.3,5,0.961237
400.4,5,0.961237
400.5,5,0.961237
400.6,5,0.961237
400.7,5,0.961237
400.8,5,0.961237
400.9,5,0.961237
401,5,0.961237
401.1,5,0.961237
401.2,5,0.961237
401.3,5,0.961237
401.4,5,0.961237
401.5,5,0.961237
401.6,5,0.961237
401.7,5,0.961237
401.8,5,0.961237
401.9,5,0.961237
402,5,0.961237
402.1,5,0.961237
402.2,5,0.961237
402.3,5,0.961237
402.4,5,0.961237
402.5,5,0.961237
402.6,5,0.961237
402.7,5,0.961237
402.8,5,0.961237
402.9,5,0.961237
403,5,0.961237
403.1,5,0.961237
403.2,5,0.961237
403.3,5,0.961237
403.4,5,0.961237
403.5,5,0.961237
403.6,5,0.961237
403.7,5,0.961237
403.8,5,0.961237
403.9,5,0.961237
404,5,0.961237
404.1,5,0.961237
404.2,5,0.961237
404.3,5,0.961237
404.4,5,0.961237
404.5,5,0.961237
404.6,5,0.961237
404.7,5,0.961237
404.8,5,0.961237
404.9,5,0.961237
405,5,0.961237
405.1,5,0.961237
405.2,5,0.961237
405.3,5,0.961237
405.4,5,0.961237
405.5,5,0.961237
405.6,5,0.961237
405.7,5,0.961237
405.8,5,0.961237
405.9,5,0.961237
406,5,0.961237
406.1,5,0.961237
406.2,5,0.961237
406.3,5,0.961237
406.4,5,0.961237
406.5,5,0.961237
406.6,5,0.961237
406.7,5,0.961237
406.8,5,0.961237
406.9,5,0.961237
407,5,0.961237
407.1,5,0.961237
407.2,5,0.961237
407.3,5,0.961237
407.4,5,0.961237
407.5,5,0.961237
407.6,5,0.961237
407.7,5,0.961237
407.8,5,0.961237
407.9,5,0.961237
408,5,0.961237
408.1,5,0.961237
408.2,5,0.961237
408.3,5,0.961237
408.4,5,0.961237
408.5,5,0.961237
408.6,5,0.961237
408.7,5,0.961237
408.8,5,0.961237
408.9,5,0.961237
409,5,0.961237
409.1,5,0.961237
409.2,5,0.961237
409.3,5,0.961237
409.4,5,0.961237
409.5,5,0.961237
409.6,5,0.961237
409.7,5,0.961237
409.8,5,0.961237
409.9,5,0.961237
410,5,0.961237
410.1,5,0.961237
410.2,5,0.961237
410.3,5,0.961237
410.4,5,0.961237
410.5,5,0.961237
410.6,5,0.961237
410.7,5,0.961237
410.8,5,0.961237
410.9,5,0.961237
411,5,0.961237
411.1,5,0.961237
411.2,5,0.961237
411.3,5,0.961237
411.4,5,0.961237
411.5,5,0.961237
411.6,5,0.961237
411.7,5,0.961237
411.8,5,0.961237
411.9,5,0.961237
412,5,0.961237
412.1,5,0.961237
412.2,5,0.961237
412.3,5,0.961237
412.4,5,0.961237
412.5,5,0.961237
412.6,5,0.961237
412.7,5,0.961237
412.8,5,0.961237
412.9,5,0.961237
413,5,0.961237
413.1,5,0.961237
413.2,5,0.961237
413.3,5,0.961237
413.4,5,0.961237
413.5,5,0.961237
413.6,5,0.961237
413.7,5,0.961237
413.8,5,0.961237
413.9,5,0.961237
414,5,0.961237
414.1,5,0.961237
414.2,5,0.961237
414.3,5,0.961237
414.4,5,0.961237
414.5,5,0.961237
414.6,5,0.961237
414.7,5,0.961237
414.8,5,0.961237
414.9,5,0.961237
415,5,0.961237
415.1,5,0.961237
415.2,5,0.961237
415.3,5,0.961237
415.4,5,0.961237
415.5,5,0.961237
415.6,5,0.961237
415.7,5,0.961237
415.8,5,0.961237
415.9,5,0.961237
416,5,0.961237
416.1,5,0.961237
416.2,5,0.961237
416.3,5,0.961237
416.4,5,0.961237
416.5,5,0.961237
416.6,5,0.961237
416.7,5,0.961237
416.8,5,0.961237
416.9,5,0.961237
417,5,0.961237
417.1,5,0.961237
417.2,5,0.961237
417.3,5,0.961237
417.4,5,0.961237
417.5,5,0.961237
417.6,5,0.961237
417.7,5,0.961237
417.8,5,0.961237
417.9,5,0.961237
418,5,0.961237
418.1,5,0.961237
418.2,5,0.961237
418.3,5,0.961237
418.4,5,0.961237
418.5,5,0.961237
418.6,5,0.961237
418.7,5,0.961237
418.8,5,0.961237
418.9,5,0.961237
419,5,0.961237
419.1,5,0.961237
419.2,5,0.961237
419.3,5,0.961237
419.4,5,0.961237
419.5,5,0.961237
419.6,5,0.961237
419.7,5,0.961237
419.8,5,0.961237
419.9,5,0.961237
420,5,0.961237
420.1,5,0.961237
420.2,5,0.961237
420.3,5,0.961237
420.4,5,0.961237
420.5,5,0.961237
420.6,5,0.961237
420.7,5,0.961237
420.8,5,0.961237
420.9,5,0.961237
421,5,0.961237
421.1,5,0.961237
421.2,5,0.961237
421.3,5,0.961237
421.4,5,0.961237
421.5,5,0.961237
421.6,5,0.961237
421.7,5,0.961237
421.8,5,0.961237
421.9,5,0.961237
422,5,0.961237
422.1,5,0.961237
422.2,5,0.961237
422.3,5,0.961237
422.4,5,0.961237
422.5,5,0.961237
422.6,5,0.961237
422.7,5,0.961237
422.8,5,0.961237
422.9,5,0.961237
423,5,0.961237
423.1,5,0.961237
423.2,5,0.961237
423.3,5,0.961237
423.4,5,0.961237
423.5,5,0.961237
423.6,5,0.961237
423.7,5,0.961237
423.8,5,0.961237
423.9,5,0.961237
424,5,0.961237
424.1,5,0.961237
424.2,5,0.961237
424.3,5,0.961237
424.4,5,0.961237
424.5,5,0.961237
424.6,5,0.961237
424.7,5,0.961237
424.8,5,0.961237
424.9,5,0.961237
425,5,0.961237
425.1,5,0.961237
425.2,5,0.961237
425.3,5,0.961237
425.4,5,0.961237
425.5,5,0.961237
425.6,5,0.961237
425.7,5,0.961237
425.8,5,0.961237
425.9,5,0.961237
426,5,0.961237
426.1,5,0.961237
426.2,5,0.961237
426.3,5,0.961237
426.4,5,0.961237
426.5,5,0.961237
426.6,5,0.961237
426.7,5,0.961237
426.8,5,0.961237
426.9,5,0.961237
427,5,0.961237
427.1,5,0.961237
427.2,5,0.961237
427.3,5,0.961237
427.4,5,0.961237
427.5,5,0.961237
427.6,5,0.961237
427.7,5,0.961237
427.8,5,0.961237
427.9,5,0.961237
428,5,0.961237
428.1,5,0.961237
428.2,5,0.961237
428.3,5,0.961237
428.4,5,0.961237
428.5,5,0.961237
428.6,5,0.961237
428.7,5,0.961237
428.8,5,0.961237
428.9,5,0.961237
429,5,0.961237
429.1,5,0.961237
429.2,5,0.961237
429.3,5,0.961237
429.4,5,0.961237
429.5,5,0.961237
429.6,5,0.961237
429.7,5,0.961237
429.8,5,0.961237
429.9,5,0.961237
430,5,0.961237
430.1,5,0.961237
430.2,5,0.961237
430.3,5,0.961237
430.4,5,0.961237
430.5,5,0.961237
430.6,5,0.961237
430.7,5,0.961237
430.8,5,0.961237
430.9,5,0.961237
431,5,0.961237
431.1,5,0.961237
431.2,5,0.961237
431.3,5,0.961237
431.4,5,0.961237
431.5,5,0.961237
431.6,5,0.961237
431.7,5,0.961237
431.8,5,0.961237
431.9,5,0.961237
432,5,0.961237
432.1,5,0.961237
432.2,5,0.961237
432.3,5,0.961237
432.4,5,0.961237
432.5,5,0.961237
432.6,5,0.961237
432.7,5,0.961237
432.8,5,0.961237
432.9,5,0.961237
433,5,0.961237
433.1,5,0.961237
433.2,5,0.961237
433.3,5,0.961237
433.4,5,0.961237
433.5,5,0.961237
433.6,5,0.961237
433.7,5,0.961237
433.8,5,0.961237
433.9,5,0.961237
434,5,0.961237
434.1,5,0.961237
434.2,5,0.961237
434.3,5,0.961237
434.4,5,0.961237
434.5,5,0.961237
434.6,5,0.961237
434.7,5,0.961237
434.8,5,0.961237
434.9,5,0.961237
435,5,0.961237
435.1,5,0.961237
435.2,5,0.961237
435.3,5,0.961237
435.4,5,0.961237
435.5,5,0.961237
435.6,5,0.961237
435.7,5,0.961237
435.8,5,0.961237
435.9,5,0.961237
436,5,0.961237
436.1,5,0.961237
436.2,5,0.961237
436.3,5,0.961237
436.4,5,0.961237
436.5,5,0.961237
436.6,5,0.961237
436.7,5,0.961237
436.8,5,0.961237
436.9,5,0.961237
437,5,0.961237
437.1,5,0.961237
437.2,5,0.961237
437.3,5,0.961237
437.4,5,0.961237
437.5,5,0.961237
437.6,5,0.961237
437.7,5,0.961237
437.8,5,0.961237
437.9,5,0.961237
438,5,0.961237
438.1,5,0.961237
438.2,5,0.961237
438.3,5,0.961237
438.4,5,0.961237
438.5,5,0.961237
438.6,5,0.961237
438.7,5,0.961237
438.8,5,0.961237
438.9,5,0.961237
439,5,0.961237
439.1,5,0.961237
439.2,5,0.961237
439.3,5,0.961237
439.4,5,0.961237
439.5,5,0.961237
439.6,5,0.961237
439.7,5,0.961237
439.8,5,0.961237
439.9,5,0.961237
440,5,0.961237
440.1,5,0.961237
440.2,5,0.961237
440.3,5,0.961237
440.4,5,0.961237
440.5,5,0.961237
440.6,5,0.961237
440.7,5,0.961237
440.8,5,0.961237
440.9,5,0.961237
441,5,0.961237
441.1,5,0.961237
441.2,5,0.961237
441.3,5,0.961237
441.4,5,0.961237
441.5,5,0.961237
441.6,5,0.961237
441.7,5,0.961237
441.8,5,0.961237
441.9,5,0.961237
442,5,0.961237
442.1,5,0.961237
442.2,5,0.961237
442.3,5,0.961237
442.4,5,0.961237
442.5,5,0.961237
442.6,5,0.961237
442.7,5,0.961237
442.8,5,0.961237
442.9,5,0.961237
443,5,0.961237
443.1,5,0.961237
443.2,5,0.961237
443.3,5,0.961237
443.4,5,0.961237
443.5,5,0.961237
443.6,5,0.961237
443.7,5,0.961237
443.8,5,0.961237
443.9,5,0.961237
444,5,0.961237
444.1,5,0.961237
444.2,5,0.961237
444.3,5,0.961237
444.4,5,0.961237
444.5,5,0.961237
444.6,5,0.961237
444.7,5,0.961237
444.8,5,0.961237
444.9,5,0.961237
445,5,0.961237
445.1,5,0.961237
445.2,5,0.961237
445.3,5,0.961237
445.4,5,0.961237
445.5,5,0.961237
445.6,5,0.961237
445.7,5,0.961237
445.8,5,0.961237
445.9,5,0.961237
446,5,0.961237
446.1,5,0.961237
446.2,5,0.961237
446.3,5,0.961237
446.4,5,0.961237
446.5,5,0.961237
446.6,5,0.961237
446.7,5,0.961237
446.8,5,0.961237
446.9,5,0.961237
447,5,0.961237
447.1,5,0.961237
447.2,5,0.961237
447.3,5,0.961237
447.4,5,0.961237
447.5,5,0.961237
447.6,5,0.961237
447.7,5,0.961237
447.8,5,0.961237
447.9,5,0.961237
448,5,0.961237
448.1,5,0.961237
448.2,5,0.961237
448.3,5,0.961237
448.4,5,0.961237
448.5,5,0.961237
448.6,5,0.961237
448.7,5,0.961237
448.8,5,0.961237
448.9,5,0.961237
449,5,0.961237
449.1,5,0.961237
449.2,5,0.961237
449.3,5,0.961237
449.4,5,0.961237
449.5,5,0.961237
449.6,5,0.961237
449.7,5,0.961237
449.8,5,0.961237
449.9,5,0.961237
450,5,0.961237
