Time,Species.1,Species.2
0,4,4
0.1,3.87188,4.01416
0.2,3.75786,4.02495
0.3,3.6558,4.03279
0.4,3.56399,4.03803
0.5,3.481,4.04099
0.6,3.40566,4.04196
0.7,3.33699,4.04118
0.8,3.27416,4.03888
0.9,3.21649,4.03524
1,3.16337,4.03043
1.1,3.1143,4.02461
1.2,3.06885,4.01791
1.3,3.02662,4.01046
1.4,2.9873,4.00235
1.5,2.9506,3.99368
1.6,2.91626,3.98454
1.7,2.88406,3.97499
1.8,2.85381,3.96512
1.9,2.82534,3.95496
2,2.79849,3.94458
2.1,2.77312,3.93403
2.2,2.74911,3.92334
2.3,2.72636,3.91255
2.4,2.70476,3.9017
2.5,2.68423,3.8908
2.6,2.66468,3.8799
2.7,2.64605,3.869
2.8,2.62827,3.85813
2.9,2.61127,3.84731
3,2.59502,3.83655
3.1,2.57944,3.82586
3.2,2.56451,3.81526
3.3,2.55019,3.80476
3.4,2.53642,3.79437
3.5,2.52318,3.78408
3.6,2.51044,3.77392
3.7,2.49817,3.76388
3.8,2.48634,3.75398
3.9,2.47492,3.7442
4,2.4639,3.73456
4.1,2.45325,3.72506
4.2,2.44295,3.71571
4.3,2.43299,3.70649
4.4,2.42335,3.69742
4.5,2.41401,3.68849
4.6,2.40495,3.67971
4.7,2.39617,3.67107
4.8,2.38765,3.66257
4.9,2.37938,3.65422
5,2.37135,3.64601
5.1,2.36355,3.63795
5.2,2.35596,3.63002
5.3,2.34858,3.62223
5.4,2.34141,3.61458
5.5,2.33442,3.60707
5.6,2.32762,3.59969
5.7,2.321,3.59245
5.8,2.31455,3.58533
5.9,2.30826,3.57835
6,2.30213,3.57149
6.1,2.29615,3.56476
6.2,2.29031,3.55815
6.3,2.28462,3.55167
6.4,2.27907,3.5453
6.5,2.27365,3.53906
6.6,2.26836,3.53292
6.7,2.26319,3.52691
6.8,2.25813,3.521
6.9,2.2532,3.51521
7,2.24838,3.50952
7.1,2.24366,3.50394
7.2,2.23905,3.49847
7.3,2.23455,3.49309
7.4,2.23014,3.48782
7.5,2.22583,3.48265
7.6,2.22161,3.47757
7.7,2.21748,3.47259
7.8,2.21344,3.4677
7.9,2.20949,3.46291
8,2.20562,3.4582
8.1,2.20183,3.45358
8.2,2.19812,3.44905
8.3,2.19449,3.4446
8.4,2.19093,3.44023
8.5,2.18744,3.43595
8.6,2.18403,3.43175
8.7,2.18069,3.42762
8.8,2.17741,3.42358
8.9,2.1742,3.4196
9,2.17105,3.4157
9.1,2.16797,3.41188
9.2,2.16494,3.40812
9.3,2.16198,3.40444
9.4,2.15907,3.40082
9.5,2.15623,3.39727
9.6,2.15343,3.39378
9.7,2.15069,3.39036
9.8,2.14801,3.38701
9.9,2.14537,3.38371
10,2.14279,3.38048
10.1,2.14026,3.3773
10.2,2.13777,3.37418
10.3,2.13533,3.37113
10.4,2.13294,3.36812
10.5,2.1306,3.36517
10.6,2.12829,3.36228
10.7,2.12604,3.35944
10.8,2.12382,3.35665
10.9,2.12164,3.35391
11,2.11951,3.35122
11.1,2.11742,3.34858
11.2,2.11536,3.34599
11.3,2.11334,3.34344
11.4,2.11136,3.34094
11.5,2.10942,3.33849
11.6,2.10751,3.33608
11.7,2.10564,3.33371
11.8,2.1038,3.33139
11.9,2.10199,3.32911
12,2.10022,3.32687
12.1,2.09848,3.32467
12.2,2.09677,3.32251
12.3,2.0951,3.32038
12.4,2.09345,3.3183
12.5,2.09183,3.31625
12.6,2.09025,3.31424
12.7,2.08869,3.31227
12.8,2.08716,3.31033
12.9,2.08565,3.30843
13,2.08418,3.30656
13.1,2.08272,3.30472
13.2,2.0813,3.30292
13.3,2.0799,3.30114
13.4,2.07853,3.2994
13.5,2.07718,3.29769
13.6,2.07585,3.29601
13.7,2.07455,3.29436
13.8,2.07327,3.29274
13.9,2.07202,3.29115
14,2.07078,3.28959
14.1,2.06957,3.28805
14.2,2.06838,3.28654
14.3,2.06721,3.28506
14.4,2.06606,3.2836
14.5,2.06493,3.28217
14.6,2.06382,3.28077
14.7,2.06273,3.27938
14.8,2.06166,3.27803
14.9,2.06061,3.27669
15,2.05958,3.27539
15.1,2.05856,3.2741
15.2,2.05757,3.27283
15.3,2.05659,3.27159
15.4,2.05562,3.27037
15.5,2.05468,3.26917
15.6,2.05375,3.26799
15.7,2.05283,3.26683
15.8,2.05194,3.2657
15.9,2.05105,3.26458
16,2.05019,3.26348
16.1,2.04933,3.2624
16.2,2.0485,3.26134
16.3,2.04767,3.2603
16.4,2.04687,3.25927
16.5,2.04607,3.25827
16.6,2.04529,3.25728
16.7,2.04452,3.25631
16.8,2.04377,3.25535
16.9,2.04303,3.25441
17,2.0423,3.25349
17.1,2.04159,3.25258
17.2,2.04088,3.25169
17.3,2.04019,3.25082
17.4,2.03951,3.24996
17.5,2.03884,3.24911
17.6,2.03819,3.24828
17.7,2.03754,3.24746
17.8,2.03691,3.24666
17.9,2.03629,3.24587
18,2.03567,3.24509
18.1,2.03507,3.24433
18.2,2.03448,3.24358
18.3,2.0339,3.24285
18.4,2.03333,3.24212
18.5,2.03277,3.24141
18.6,2.03221,3.24071
18.7,2.03167,3.24003
18.8,2.03114,3.23935
18.9,2.03061,3.23869
19,2.0301,3.23803
19.1,2.02959,3.23739
19.2,2.02909,3.23676
19.3,2.0286,3.23614
19.4,2.02812,3.23553
19.5,2.02765,3.23494
19.6,2.02718,3.23435
19.7,2.02673,3.23377
19.8,2.02628,3.2332
19.9,2.02584,3.23264
20,2.0254,3.23209
20.1,2.02498,3.23155
20.2,2.02456,3.23102
20.3,2.02414,3.2305
20.4,2.02374,3.22999
20.5,2.02334,3.22948
20.6,2.02295,3.22899
20.7,2.02256,3.2285
20.8,2.02218,3.22802
20.9,2.02181,3.22755
21,2.02145,3.22709
21.1,2.02109,3.22663
21.2,2.02073,3.22619
21.3,2.02038,3.22575
21.4,2.02004,3.22531
21.5,2.01971,3.22489
21.6,2.01938,3.22447
21.7,2.01905,3.22406
21.8,2.01873,3.22366
21.9,2.01842,3.22326
22,2.01811,3.22287
22.1,2.01781,3.22249
22.2,2.01751,3.22211
22.3,2.01722,3.22174
22.4,2.01693,3.22137
22.5,2.01664,3.22102
22.6,2.01636,3.22066
22.7,2.01609,3.22032
22.8,2.01582,3.21998
22.9,2.01556,3.21964
23,2.0153,3.21931
23.1,2.01504,3.21899
23.2,2.01479,3.21867
23.3,2.01454,3.21836
23.4,2.0143,3.21805
23.5,2.01406,3.21775
23.6,2.01382,3.21745
23.7,2.01359,3.21716
23.8,2.01337,3.21687
23.9,2.01314,3.21659
24,2.01292,3.21631
24.1,2.01271,3.21604
24.2,2.01249,3.21577
24.3,2.01228,3.21551
24.4,2.01208,3.21525
24.5,2.01188,3.21499
24.6,2.01168,3.21474
24.7,2.01148,3.21449
24.8,2.01129,3.21425
24.9,2.0111,3.21401
25,2.01092,3.21378
25.1,2.01074,3.21355
25.2,2.01056,3.21332
25.3,2.01038,3.2131
25.4,2.01021,3.21288
25.5,2.01004,3.21267
25.6,2.00987,3.21245
25.7,2.0097,3.21225
25.8,2.00954,3.21204
25.9,2.00938,3.21184
26,2.00923,3.21164
26.1,2.00907,3.21145
26.2,2.00892,3.21126
26.3,2.00877,3.21107
26.4,2.00862,3.21088
26.5,2.00848,3.2107
26.6,2.00834,3.21052
26.7,2.0082,3.21035
26.8,2.00806,3.21017
26.9,2.00793,3.21001
27,2.0078,3.20984
27.1,2.00767,3.20967
27.2,2.00754,3.20951
27.3,2.00741,3.20935
27.4,2.00729,3.2092
27.5,2.00717,3.20904
27.6,2.00705,3.20889
27.7,2.00693,3.20874
27.8,2.00681,3.2086
27.9,2.0067,3.20846
28,2.00659,3.20831
28.1,2.00648,3.20818
28.2,2.00637,3.20804
28.3,2.00626,3.2079
28.4,2.00616,3.20777
28.5,2.00606,3.20764
28.6,2.00596,3.20752
28.7,2.00586,3.20739
28.8,2.00576,3.20727
28.9,2.00566,3.20715
29,2.00557,3.20703
29.1,2.00548,3.20691
29.2,2.00539,3.20679
29.3,2.0053,3.20668
29.4,2.00521,3.20657
29.5,2.00512,3.20646
29.6,2.00503,3.20635
29.7,2.00495,3.20625
29.8,2.00487,3.20614
29.9,2.00479,3.20604
30,2.00471,3.20594
30.1,2.00463,3.20584
30.2,2.00455,3.20574
30.3,2.00448,3.20565
30.4,2.0044,3.20555
30.5,2.00433,3.20546
30.6,2.00426,3.20537
30.7,2.00419,3.20528
30.8,2.00412,3.20519
30.9,2.00405,3.20511
31,2.00398,3.20502
31.1,2.00391,3.20494
31.2,2.00385,3.20485
31.3,2.00378,3.20477
31.4,2.00372,3.20469
31.5,2.00366,3.20462
31.6,2.0036,3.20454
31.7,2.00354,3.20446
31.8,2.00348,3.20439
31.9,2.00342,3.20432
32,2.00336,3.20424
32.1,2.00331,3.20417
32.2,2.00325,3.2041
32.3,2.0032,3.20403
32.4,2.00315,3.20397
32.5,2.00309,3.2039
32.6,2.00304,3.20384
32.7,2.00299,3.20377
32.8,2.00294,3.20371
32.9,2.00289,3.20365
33,2.00284,3.20359
33.1,2.0028,3.20353
33.2,2.00275,3.20347
33.3,2.0027,3.20341
33.4,2.00266,3.20335
33.5,2.00261,3.2033
33.6,2.00257,3.20324
33.7,2.00253,3.20319
33.8,2.00249,3.20314
33.9,2.00244,3.20308
34,2.0024,3.20303
34.1,2.00236,3.20298
34.2,2.00232,3.20293
34.3,2.00229,3.20288
34.4,2.00225,3.20284
34.5,2.00221,3.20279
34.6,2.00217,3.20274
34.7,2.00214,3.2027
34.8,2.0021,3.20265
34.9,2.00207,3.20261
35,2.00203,3.20256
35.1,2.002,3.20252
35.2,2.00197,3.20248
35.3,2.00193,3.20244
35.4,2.0019,3.2024
35.5,2.00187,3.20236
35.6,2.00184,3.20232
35.7,2.00181,3.20228
35.8,2.00178,3.20224
35.9,2.00175,3.2022
36,2.00172,3.20217
36.1,2.00169,3.20213
36.2,2.00166,3.2021
36.3,2.00163,3.20206
36.4,2.00161,3.20203
36.5,2.00158,3.20199
36.6,2.00155,3.20196
36.7,2.00153,3.20193
36.8,2.0015,3.2019
36.9,2.00148,3.20186
37,2.00145,3.20183
37.1,2.00143,3.2018
37.2,2.0014,3.20177
37.3,2.00138,3.20174
37.4,2.00136,3.20171
37.5,2.00134,3.20169
37.6,2.00131,3.20166
37.7,2.00129,3.20163
37.8,2.00127,3.2016
37.9,2.00125,3.20158
38,2.00123,3.20155
38.1,2.00121,3.20152
38.2,2.00119,3.2015
38.3,2.00117,3.20147
38.4,2.00115,3.20145
38.5,2.00113,3.20142
38.6,2.00111,3.2014
38.7,2.00109,3.20138
38.8,2.00107,3.20135
38.9,2.00106,3.20133
39,2.00104,3.20131
39.1,2.00102,3.20129
39.2,2.001,3.20127
39.3,2.00099,3.20125
39.4,2.00097,3.20122
39.5,2.00095,3.2012
39.6,2.00094,3.20118
39.7,2.00092,3.20116
39.8,2.00091,3.20115
39.9,2.00089,3.20113
40,2.00088,3.20111
40.1,2.00086,3.20109
40.2,2.00085,3.20107
40.3,2.00084,3.20105
40.4,2.00082,3.20104
40.5,2.00081,3.20102
40.6,2.00079,3.201
40.7,2.00078,3.20098
40.8,2.00077,3.20097
40.9,2.00076,3.20095
41,2.00074,3.20094
41.1,2.00073,3.20092
41.2,2.00072,3.20091
41.3,2.00071,3.20089
41.4,2.00069,3.20088
41.5,2.00068,3.20086
41.6,2.00067,3.20085
41.7,2.00066,3.20083
41.8,2.00065,3.20082
41.9,2.00064,3.20081
42,2.00063,3.20079
42.1,2.00062,3.20078
42.2,2.00061,3.20077
42.3,2.0006,3.20075
42.4,2.00059,3.20074
42.5,2.00058,3.20073
42.6,2.00057,3.20072
42.7,2.00056,3.2007
42.8,2.00055,3.20069
42.9,2.00054,3.20068
43,2.00053,3.20067
43.1,2.00052,3.20066
43.2,2.00051,3.20065
43.3,2.0005,3.20064
43.4,2.0005,3.20063
43.5,2.00049,3.20062
43.6,2.00048,3.20061
43.7,2.00047,3.2006
43.8,2.00046,3.20059
43.9,2.00046,3.20058
44,2.00045,3.20057
44.1,2.00044,3.20056
44.2,2.00043,3.20055
44.3,2.00043,3.20054
44.4,2.00042,3.20053
44.5,2.00041,3.20052
44.6,2.00041,3.20051
44.7,2.0004,3.2005
44.8,2.00039,3.20049
44.9,2.00039,3.20049
45,2.00038,3.20048
45.1,2.00037,3.20047
45.2,2.00037,3.20046
45.3,2.00036,3.20046
45.4,2.00035,3.20045
45.5,2.00035,3.20044
45.6,2.00034,3.20043
45.7,2.00034,3.20043
45.8,2.00033,3.20042
45.9,2.00033,3.20041
46,2.00032,3.2004
46.1,2.00032,3.2004
46.2,2.00031,3.20039
46.3,2.00031,3.20038
46.4,2.0003,3.20038
46.5,2.0003,3.20037
46.6,2.00029,3.20037
46.7,2.00029,3.20036
46.8,2.00028,3.20035
46.9,2.00028,3.20035
47,2.00027,3.20034
47.1,2.00027,3.20034
47.2,2.00026,3.20033
47.3,2.00026,3.20033
47.4,2.00025,3.20032
47.5,2.00025,3.20031
47.6,2.00025,3.20031
47.7,2.00024,3.2003
47.8,2.00024,3.2003
47.9,2.00023,3.20029
48,2.00023,3.20029
48.1,2.00023,3.20028
48.2,2.00022,3.20028
48.3,2.00022,3.20028
48.4,2.00021,3.20027
48.5,2.00021,3.20027
48.6,2.00021,3.20026
48.7,2.0002,3.20026
48.8,2.0002,3.20025
48.9,2.0002,3.20025
49,2.00019,3.20024
49.1,2.00019,3.20024
49.2,2.00019,3.20024
49.3,2.00018,3.20023
49.4,2.00018,3.20023
49.5,2.00018,3.20022
49.6,2.00018,3.20022
49.7,2.00017,3.20022
49.8,2.00017,3.20021
49.9,2.00017,3.20021
50,2.00016,3.20021
50.1,2.00016,3.2002
50.2,2.00016,3.2002
50.3,2.00016,3.2002
50.4,2.00015,3.20019
50.5,2.00015,3.20019
50.6,2.00015,3.20019
50.7,2.00015,3.20018
50.8,2.00014,3.20018
50.9,2.00014,3.20018
51,2.00014,3.20017
51.1,2.00014,3.20017
51.2,2.00013,3.20017
51.3,2.00013,3.20017
51.4,2.00013,3.20016
51.5,2.00013,3.20016
51.6,2.00013,3.20016
51.7,2.00012,3.20016
51.8,2.00012,3.20015
51.9,2.00012,3.20015
52,2.00012,3.20015
52.1,2.00012,3.20015
52.2,2.00011,3.20014
52.3,2.00011,3.20014
52.4,2.00011,3.20014
52.5,2.00011,3.20014
52.6,2.00011,3.20013
52.7,2.0001,3.20013
52.8,2.0001,3.20013
52.9,2.0001,3.20013
53,2.0001,3.20013
53.1,2.0001,3.20012
53.2,2.0001,3.20012
53.3,2.00009,3.20012
53.4,2.00009,3.20012
53.5,2.00009,3.20011
53.6,2.00009,3.20011
53.7,2.00009,3.20011
53.8,2.00009,3.20011
53.9,2.00009,3.20011
54,2.00008,3.20011
54.1,2.00008,3.2001
54.2,2.00008,3.2001
54.3,2.00008,3.2001
54.4,2.00008,3.2001
54.5,2.00008,3.2001
54.6,2.00008,3.2001
54.7,2.00007,3.20009
54.8,2.00007,3.20009
54.9,2.00007,3.20009
55,2.00007,3.20009
55.1,2.00007,3.20009
55.2,2.00007,3.20009
55.3,2.00007,3.20009
55.4,2.00007,3.20008
55.5,2.00007,3.20008
55.6,2.00006,3.20008
55.7,2.00006,3.20008
55.8,2.00006,3.20008
55.9,2.00006,3.20008
56,2.00006,3.20008
56.1,2.00006,3.20007
56.2,2.00006,3.20007
56.3,2.00006,3.20007
56.4,2.00006,3.20007
56.5,2.00006,3.20007
56.6,2.00005,3.20007
56.7,2.00005,3.20007
56.8,2.00005,3.20007
56.9,2.00005,3.20006
57,2.00005,3.20006
57.1,2.00005,3.20006
57.2,2.00005,3.20006
57.3,2.00005,3.20006
57.4,2.00005,3.20006
57.5,2.00005,3.20006
57.6,2.00005,3.20006
57.7,2.00005,3.20006
57.8,2.00004,3.20006
57.9,2.00004,3.20005
58,2.00004,3.20005
58.1,2.00004,3.20005
58.2,2.00004,3.20005
58.3,2.00004,3.20005
58.4,2.00004,3.20005
58.5,2.00004,3.20005
58.6,2.00004,3.20005
58.7,2.00004,3.20005
58.8,2.00004,3.20005
58.9,2.00004,3.20005
59,2.00004,3.20005
59.1,2.00004,3.20004
59.2,2.00004,3.20004
59.3,2.00003,3.20004
59.4,2.00003,3.20004
59.5,2.00003,3.20004
59.6,2.00003,3.20004
59.7,2.00003,3.20004
59.8,2.00003,3.20004
59.9,2.00003,3.20004
60,2.00003,3.20004
60.1,2.00003,3.20004
60.2,2.00003,3.20004
60.3,2.00003,3.20004
60.4,2.00003,3.20004
60.5,2.00003,3.20004
60.6,2.00003,3.20003
60.7,2.00003,3.20003
60.8,2.00003,3.20003
60.9,2.00003,3.20003
61,2.00003,3.20003
61.1,2.00003,3.20003
61.2,2.00003,3.20003
61.3,2.00002,3.20003
61.4,2.00002,3.20003
61.5,2.00002,3.20003
61.6,2.00002,3.20003
61.7,2.00002,3.20003
61.8,2.00002,3.20003
61.9,2.00002,3.20003
62,2.00002,3.20003
62.1,2.00002,3.20003
62.2,2.00002,3.20003
62.3,2.00002,3.20003
62.4,2.00002,3.20003
62.5,2.00002,3.20003
62.6,2.00002,3.20002
62.7,2.00002,3.20002
62.8,2.00002,3.20002
62.9,2.00002,3.20002
63,2.00002,3.20002
63.1,2.00002,3.20002
63.2,2.00002,3.20002
63.3,2.00002,3.20002
63.4,2.00002,3.20002
63.5,2.00002,3.20002
63.6,2.00002,3.20002
63.7,2.00002,3.20002
63.8,2.00002,3.20002
63.9,2.00002,3.20002
64,2.00002,3.20002
64.1,2.00002,3.20002
64.2,2.00002,3.20002
64.3,2.00001,3.20002
64.4,2.00001,3.20002
64.5,2.00001,3.20002
64.6,2.00001,3.20002
64.7,2.00001,3.20002
64.8,2.00001,3.20002
64.9,2.00001,3.20002
65,2.00001,3.20002
65.1,2.00001,3.20002
65.2,2.00001,3.20002
65.3,2.00001,3.20002
65.4,2.00001,3.20002
65.5,2.00001,3.20002
65.6,2.00001,3.20002
65.7,2.00001,3.20001
65.8,2.00001,3.20001
65.9,2.00001,3.20001
66,2.00001,3.20001
66.1,2.00001,3.20001
66.2,2.00001,3.20001
66.3,2.00001,3.20001
66.4,2.00001,3.20001
66.5,2.00001,3.20001
66.6,2.00001,3.20001
66.7,2.00001,3.20001
66.8,2.00001,3.20001
66.9,2.00001,3.20001
67,2.00001,3.20001
67.1,2.00001,3.20001
67.2,2.00001,3.20001
67.3,2.00001,3.20001
67.4,2.00001,3.20001
67.5,2.00001,3.20001
67.6,2.00001,3.20001
67.7,2.00001,3.20001
67.8,2.00001,3.20001
67.9,2.00001,3.20001
68,2.00001,3.20001
68.1,2.00001,3.20001
68.2,2.00001,3.20001
68.3,2.00001,3.20001
68.4,2.00001,3.20001
68.5,2.00001,3.20001
68.6,2.00001,3.20001
68.7,2.00001,3.20001
68.8,2.00001,3.20001
68.9,2.00001,3.20001
69,2.00001,3.20001
69.1,2.00001,3.20001
69.2,2.00001,3.20001
69.3,2.00001,3.20001
69.4,2.00001,3.20001
69.5,2.00001,3.20001
69.6,2.00001,3.20001
69.7,2.00001,3.20001
69.8,2.00001,3.20001
69.9,2.00001,3.20001
70,2.00001,3.20001
70.1,2.00001,3.20001
70.2,2.00001,3.20001
70.3,2.00001,3.20001
70.4,2.00001,3.20001
70.5,2.00001,3.20001
70.6,2.00001,3.20001
70.7,2.00001,3.20001
70.8,2.00001,3.20001
70.9,2,3.20001
71,2,3.20001
71.1,2,3.20001
71.2,2,3.20001
71.3,2,3.20001
71.4,2,3.20001
71.5,2,3.20001
71.6,2,3.20001
71.7,2,3.20001
71.8,2,3.20001
71.9,2,3.20001
72,2,3.20001
72.1,2,3.20001
72.2,2,3.2
72.3,2,3.2
72.4,2,3.2
72.5,2,3.2
72.6,2,3.2
72.7,2,3.2
72.8,2,3.2
72.9,2,3.2
73,2,3.2
73.1,2,3.2
73.2,2,3.2
73.3,2,3.2
73.4,2,3.2
73.5,2,3.2
73.6,2,3.2
73.7,2,3.2
73.8,2,3.2
73.9,2,3.2
74,2,3.2
74.1,2,3.2
74.2,2,3.2
74.3,2,3.2
74.4,2,3.2
74.5,2,3.2
74.6,2,3.2
74.7,2,3.2
74.8,2,3.2
74.9,2,3.2
75,2,3.2
75.1,2,3.2
75.2,2,3.2
75.3,2,3.2
75.4,2,3.2
75.5,2,3.2
75.6,2,3.2
75.7,2,3.2
75.8,2,3.2
75.9,2,3.2
76,2,3.2
76.1,2,3.2
76.2,2,3.2
76.3,2,3.2
76.4,2,3.2
76.5,2,3.2
76.6,2,3.2
76.7,2,3.2
76.8,2,3.2
76.9,2,3.2
77,2,3.2
77.1,2,3.2
77.2,2,3.2
77.3,2,3.2
77.4,2,3.2
77.5,2,3.2
77.6,2,3.2
77.7,2,3.2
77.8,2,3.2
77.9,2,3.2
78,2,3.2
78.1,2,3.2
78.2,2,3.2
78.3,2,3.2
78.4,2,3.2
78.5,2,3.2
78.6,2,3.2
78.7,2,3.2
78.8,2,3.2
78.9,2,3.2
79,2,3.2
79.1,2,3.2
79.2,2,3.2
79.3,2,3.2
79.4,2,3.2
79.5,2,3.2
79.6,2,3.2
79.7,2,3.2
79.8,2,3.2
79.9,2,3.2
80,2,3.2
80.1,2,3.2
80.2,2,3.2
80.3,2,3.2
80.4,2,3.2
80.5,2,3.2
80.6,2,3.2
80.7,2,3.2
80.8,2,3.2
80.9,2,3.2
81,2,3.2
81.1,2,3.2
81.2,2,3.2
81.3,2,3.2
81.4,2,3.2
81.5,2,3.2
81.6,2,3.2
81.7,2,3.2
81.8,2,3.2
81.9,2,3.2
82,2,3.2
82.1,2,3.2
82.2,2,3.2
82.3,2,3.2
82.4,2,3.2
82.5,2,3.2
82.6,2,3.2
82.7,2,3.2
82.8,2,3.2
82.9,2,3.2
83,2,3.2
83.1,2,3.2
83.2,2,3.2
83.3,2,3.2
83.4,2,3.2
83.5,2,3.2
83.6,2,3.2
83.7,2,3.2
83.8,2,3.2
83.9,2,3.2
84,2,3.2
84.1,2,3.2
84.2,2,3.2
84.3,2,3.2
84.4,2,3.2
84.5,2,3.2
84.6,2,3.2
84.7,2,3.2
84.8,2,3.2
84.9,2,3.2
85,2,3.2
85.1,2,3.2
85.2,2,3.2
85.3,2,3.2
85.4,2,3.2
85.5,2,3.2
85.6,2,3.2
85.7,2,3.2
85.8,2,3.2
85.9,2,3.2
86,2,3.2
86.1,2,3.2
86.2,2,3.2
86.3,2,3.2
86.4,2,3.2
86.5,2,3.2
86.6,2,3.2
86.7,2,3.2
86.8,2,3.2
86.9,2,3.2
87,2,3.2
87.1,2,3.2
87.2,2,3.2
87.3,2,3.2
87.4,2,3.2
87.5,2,3.2
87.6,2,3.2
87.7,2,3.2
87.8,2,3.2
87.9,2,3.2
88,2,3.2
88.1,2,3.2
88.2,2,3.2
88.3,2,3.2
88.4,2,3.2
88.5,2,3.2
88.6,2,3.2
88.7,2,3.2
88.8,2,3.2
88.9,2,3.2
89,2,3.2
89.1,2,3.2
89.2,2,3.2
89.3,2,3.2
89.4,2,3.2
89.5,2,3.2
89.6,2,3.2
89.7,2,3.2
89.8,2,3.2
89.9,2,3.2
90,2,3.2
90.1,2,3.2
90.2,2,3.2
90.3,2,3.2
90.4,2,3.2
90.5,2,3.2
90.6,2,3.2
90.7,2,3.2
90.8,2,3.2
90.9,2,3.2
91,2,3.2
91.1,2,3.2
91.2,2,3.2
91.3,2,3.2
91.4,2,3.2
91.5,2,3.2
91.6,2,3.2
91.7,2,3.2
91.8,2,3.2
91.9,2,3.2
92,2,3.2
92.1,2,3.2
92.2,2,3.2
92.3,2,3.2
92.4,2,3.2
92.5,2,3.2
92.6,2,3.2
92.7,2,3.2
92.8,2,3.2
92.9,2,3.2
93,2,3.2
93.1,2,3.2
93.2,2,3.2
93.3,2,3.2
93.4,2,3.2
93.5,2,3.2
93.6,2,3.2
93.7,2,3.2
93.8,2,3.2
93.9,2,3.2
94,2,3.2
94.1,2,3.2
94.2,2,3.2
94.3,2,3.2
94.4,2,3.2
94.5,2,3.2
94.6,2,3.2
94.7,2,3.2
94.8,2,3.2
94.9,2,3.2
95,2,3.2
95.1,2,3.2
95.2,2,3.2
95.3,2,3.2
95.4,2,3.2
95.5,2,3.2
95.6,2,3.2
95.7,2,3.2
95.8,2,3.2
95.9,2,3.2
96,2,3.2
96.1,2,3.2
96.2,2,3.2
96.3,2,3.2
96.4,2,3.2
96.5,2,3.2
96.6,2,3.2
96.7,2,3.2
96.8,2,3.2
96.9,2,3.2
97,2,3.2
97.1,2,3.2
97.2,2,3.2
97.3,2,3.2
97.4,2,3.2
97.5,2,3.2
97.6,2,3.2
97.7,2,3.2
97.8,2,3.2
97.9,2,3.2
98,2,3.2
98.1,2,3.2
98.2,2,3.2
98.3,2,3.2
98.4,2,3.2
98.5,2,3.2
98.6,2,3.2
98.7,2,3.2
98.8,2,3.2
98.9,2,3.2
99,2,3.2
99.1,2,3.2
99.2,2,3.2
99.3,2,3.2
99.4,2,3.2
99.5,2,3.2
99.6,2,3.2
99.7,2,3.2
99.8,2,3.2
99.9,2,3.2
100,2,3.2
100.1,2,3.2
100.2,2,3.2
100.3,2,3.2
100.4,2,3.2
100.5,2,3.2
100.6,2,3.2
100.7,2,3.2
100.8,2,3.2
100.9,2,3.2
101,2,3.2
101.1,2,3.2
101.2,2,3.2
101.3,2,3.2
101.4,2,3.2
101.5,2,3.2
101.6,2,3.2
101.7,2,3.2
101.8,2,3.2
101.9,2,3.2
102,2,3.2
102.1,2,3.2
102.2,2,3.2
102.3,2,3.2
102.4,2,3.2
102.5,2,3.2
102.6,2,3.2
102.7,2,3.2
102.8,2,3.2
102.9,2,3.2
103,2,3.2
103.1,2,3.2
103.2,2,3.2
103.3,2,3.2
103.4,2,3.2
103.5,2,3.2
103.6,2,3.2
103.7,2,3.2
103.8,2,3.2
103.9,2,3.2
104,2,3.2
104.1,2,3.2
104.2,2,3.2
104.3,2,3.2
104.4,2,3.2
104.5,2,3.2
104.6,2,3.2
104.7,2,3.2
104.8,2,3.2
104.9,2,3.2
105,2,3.2
105.1,2,3.2
105.2,2,3.2
105.3,2,3.2
105.4,2,3.2
105.5,2,3.2
105.6,2,3.2
105.7,2,3.2
105.8,2,3.2
105.9,2,3.2
106,2,3.2
106.1,2,3.2
106.2,2,3.2
106.3,2,3.2
106.4,2,3.2
106.5,2,3.2
106.6,2,3.2
106.7,2,3.2
106.8,2,3.2
106.9,2,3.2
107,2,3.2
107.1,2,3.2
107.2,2,3.2
107.3,2,3.2
107.4,2,3.2
107.5,2,3.2
107.6,2,3.2
107.7,2,3.2
107.8,2,3.2
107.9,2,3.2
108,2,3.2
108.1,2,3.2
108.2,2,3.2
108.3,2,3.2
108.4,2,3.2
108.5,2,3.2
108.6,2,3.2
108.7,2,3.2
108.8,2,3.2
108.9,2,3.2
109,2,3.2
109.1,2,3.2
109.2,2,3.2
109.3,2,3.2
109.4,2,3.2
109.5,2,3.2
109.6,2,3.2
109.7,2,3.2
109.8,2,3.2
109.9,2,3.2
110,2,3.2
110.1,2,3.2
110.2,2,3.2
110.3,2,3.2
110.4,2,3.2
110.5,2,3.2
110.6,2,3.2
110.7,2,3.2
110.8,2,3.2
110.9,2,3.2
111,2,3.2
111.1,2,3.2
111.2,2,3.2
111.3,2,3.2
111.4,2,3.2
111.5,2,3.2
111.6,2,3.2
111.7,2,3.2
111.8,2,3.2
111.9,2,3.2
112,2,3.2
112.1,2,3.2
112.2,2,3.2
112.3,2,3.2
112.4,2,3.2
112.5,2,3.2
112.6,2,3.2
112.7,2,3.2
112.8,2,3.2
112.9,2,3.2
113,2,3.2
113.1,2,3.2
113.2,2,3.2
113.3,2,3.2
113.4,2,3.2
113.5,2,3.2
113.6,2,3.2
113.7,2,3.2
113.8,2,3.2
113.9,2,3.2
114,2,3.2
114.1,2,3.2
114.2,2,3.2
114.3,2,3.2
114.4,2,3.2
114.5,2,3.2
114.6,2,3.2
114.7,2,3.2
114.8,2,3.2
114.9,2,3.2
115,2,3.2
115.1,2,3.2
115.2,2,3.2
115.3,2,3.2
115.4,2,3.2
115.5,2,3.2
115.6,2,3.2
115.7,2,3.2
115.8,2,3.2
115.9,2,3.2
116,2,3.2
116.1,2,3.2
116.2,2,3.2
116.3,2,3.2
116.4,2,3.2
116.5,2,3.2
116.6,2,3.2
116.7,2,3.2
116.8,2,3.2
116.9,2,3.2
117,2,3.2
117.1,2,3.2
117.2,2,3.2
117.3,2,3.2
117.4,2,3.2
117.5,2,3.2
117.6,2,3.2
117.7,2,3.2
117.8,2,3.2
117.9,2,3.2
118,2,3.2
118.1,2,3.2
118.2,2,3.2
118.3,2,3.2
118.4,2,3.2
118.5,2,3.2
118.6,2,3.2
118.7,2,3.2
118.8,2,3.2
118.9,2,3.2
119,2,3.2
119.1,2,3.2
119.2,2,3.2
119.3,2,3.2
119.4,2,3.2
119.5,2,3.2
119.6,2,3.2
119.7,2,3.2
119.8,2,3.2
119.9,2,3.2
120,2,3.2
120.1,2,3.2
120.2,2,3.2
120.3,2,3.2
120.4,2,3.2
120.5,2,3.2
120.6,2,3.2
120.7,2,3.2
120.8,2,3.2
120.9,2,3.2
121,2,3.2
121.1,2,3.2
121.2,2,3.2
121.3,2,3.2
121.4,2,3.2
121.5,2,3.2
121.6,2,3.2
121.7,2,3.2
121.8,2,3.2
121.9,2,3.2
122,2,3.2
122.1,2,3.2
122.2,2,3.2
122.3,2,3.2
122.4,2,3.2
122.5,2,3.2
122.6,2,3.2
122.7,2,3.2
122.8,2,3.2
122.9,2,3.2
123,2,3.2
123.1,2,3.2
123.2,2,3.2
123.3,2,3.2
123.4,2,3.2
123.5,2,3.2
123.6,2,3.2
123.7,2,3.2
123.8,2,3.2
123.9,2,3.2
124,2,3.2
124.1,2,3.2
124.2,2,3.2
124.3,2,3.2
124.4,2,3.2
124.5,2,3.2
124.6,2,3.2
124.7,2,3.2
124.8,2,3.2
124.9,2,3.2
125,2,3.2
125.1,2,3.2
125.2,2,3.2
125.3,2,3.2
125.4,2,3.2
125.5,2,3.2
125.6,2,3.2
125.7,2,3.2
125.8,2,3.2
125.9,2,3.2
126,2,3.2
126.1,2,3.2
126.2,2,3.2
126.3,2,3.2
126.4,2,3.2
126.5,2,3.2
126.6,2,3.2
126.7,2,3.2
126.8,2,3.2
126.9,2,3.2
127,2,3.2
127.1,2,3.2
127.2,2,3.2
127.3,2,3.2
127.4,2,3.2
127.5,2,3.2
127.6,2,3.2
127.7,2,3.2
127.8,2,3.2
127.9,2,3.2
128,2,3.2
128.1,2,3.2
128.2,2,3.2
128.3,2,3.2
128.4,2,3.2
128.5,2,3.2
128.6,2,3.2
128.7,2,3.2
128.8,2,3.2
128.9,2,3.2
129,2,3.2
129.1,2,3.2
129.2,2,3.2
129.3,2,3.2
129.4,2,3.2
129.5,2,3.2
129.6,2,3.2
129.7,2,3.2
129.8,2,3.2
129.9,2,3.2
130,2,3.2
130.1,2,3.2
130.2,2,3.2
130.3,2,3.2
130.4,2,3.2
130.5,2,3.2
130.6,2,3.2
130.7,2,3.2
130.8,2,3.2
130.9,2,3.2
131,2,3.2
131.1,2,3.2
131.2,2,3.2
131.3,2,3.2
131.4,2,3.2
131.5,2,3.2
131.6,2,3.2
131.7,2,3.2
131.8,2,3.2
131.9,2,3.2
132,2,3.2
132.1,2,3.2
132.2,2,3.2
132.3,2,3.2
132.4,2,3.2
132.5,2,3.2
132.6,2,3.2
132.7,2,3.2
132.8,2,3.2
132.9,2,3.2
133,2,3.2
133.1,2,3.2
133.2,2,3.2
133.3,2,3.2
133.4,2,3.2
133.5,2,3.2
133.6,2,3.2
133.7,2,3.2
133.8,2,3.2
133.9,2,3.2
134,2,3.2
134.1,2,3.2
134.2,2,3.2
134.3,2,3.2
134.4,2,3.2
134.5,2,3.2
134.6,2,3.2
134.7,2,3.2
134.8,2,3.2
134.9,2,3.2
135,2,3.2
135.1,2,3.2
135.2,2,3.2
135.3,2,3.2
135.4,2,3.2
135.5,2,3.2
135.6,2,3.2
135.7,2,3.2
135.8,2,3.2
135.9,2,3.2
136,2,3.2
136.1,2,3.2
136.2,2,3.2
136.3,2,3.2
136.4,2,3.2
136.5,2,3.2
136.6,2,3.2
136.7,2,3.2
136.8,2,3.2
136.9,2,3.2
137,2,3.2
137.1,2,3.2
137.2,2,3.2
137.3,2,3.2
137.4,2,3.2
137.5,2,3.2
137.6,2,3.2
137.7,2,3.2
137.8,2,3.2
137.9,2,3.2
138,2,3.2
138.1,2,3.2
138.2,2,3.2
138.3,2,3.2
138.4,2,3.2
138.5,2,3.2
138.6,2,3.2
138.7,2,3.2
138.8,2,3.2
138.9,2,3.2
139,2,3.2
139.1,2,3.2
139.2,2,3.2
139.3,2,3.2
139.4,2,3.2
139.5,2,3.2
139.6,2,3.2
139.7,2,3.2
139.8,2,3.2
139.9,2,3.2
140,2,3.2
140.1,2,3.2
140.2,2,3.2
140.3,2,3.2
140.4,2,3.2
140.5,2,3.2
140.6,2,3.2
140.7,2,3.2
140.8,2,3.2
140.9,2,3.2
141,2,3.2
141.1,2,3.2
141.2,2,3.2
141.3,2,3.2
141.4,2,3.2
141.5,2,3.2
141.6,2,3.2
141.7,2,3.2
141.8,2,3.2
141.9,2,3.2
142,2,3.2
142.1,2,3.2
142.2,2,3.2
142.3,2,3.2
142.4,2,3.2
142.5,2,3.2
142.6,2,3.2
142.7,2,3.2
142.8,2,3.2
142.9,2,3.2
143,2,3.2
143.1,2,3.2
143.2,2,3.2
143.3,2,3.2
143.4,2,3.2
143.5,2,3.2
143.6,2,3.2
143.7,2,3.2
143.8,2,3.2
143.9,2,3.2
144,2,3.2
144.1,2,3.2
144.2,2,3.2
144.3,2,3.2
144.4,2,3.2
144.5,2,3.2
144.6,2,3.2
144.7,2,3.2
144.8,2,3.2
144.9,2,3.2
145,2,3.2
145.1,2,3.2
145.2,2,3.2
145.3,2,3.2
145.4,2,3.2
145.5,2,3.2
145.6,2,3.2
145.7,2,3.2
145.8,2,3.2
145.9,2,3.2
146,2,3.2
146.1,2,3.2
146.2,2,3.2
146.3,2,3.2
146.4,2,3.2
146.5,2,3.2
146.6,2,3.2
146.7,2,3.2
146.8,2,3.2
146.9,2,3.2
147,2,3.2
147.1,2,3.2
147.2,2,3.2
147.3,2,3.2
147.4,2,3.2
147.5,2,3.2
147.6,2,3.2
147.7,2,3.2
147.8,2,3.2
147.9,2,3.2
148,2,3.2
148.1,2,3.2
148.2,2,3.2
148.3,2,3.2
148.4,2,3.2
148.5,2,3.2
148.6,2,3.2
148.7,2,3.2
148.8,2,3.2
148.9,2,3.2
149,2,3.2
149.1,2,3.2
149.2,2,3.2
149.3,2,3.2
149.4,2,3.2
149.5,2,3.2
149.6,2,3.2
149.7,2,3.2
149.8,2,3.2
149.9,2,3.2
150,2,3.2
150.1,2,3.2
150.2,2,3.2
150.3,2,3.2
150.4,2,3.2
150.5,2,3.2
150.6,2,3.2
150.7,2,3.2
150.8,2,3.2
150.9,2,3.2
151,2,3.2
151.1,2,3.2
151.2,2,3.2
151.3,2,3.2
151.4,2,3.2
151.5,2,3.2
151.6,2,3.2
151.7,2,3.2
151.8,2,3.2
151.9,2,3.2
152,2,3.2
152.1,2,3.2
152.2,2,3.2
152.3,2,3.2
152.4,2,3.2
152.5,2,3.2
152.6,2,3.2
152.7,2,3.2
152.8,2,3.2
152.9,2,3.2
153,2,3.2
153.1,2,3.2
153.2,2,3.2
153.3,2,3.2
153.4,2,3.2
153.5,2,3.2
153.6,2,3.2
153.7,2,3.2
153.8,2,3.2
153.9,2,3.2
154,2,3.2
154.1,2,3.2
154.2,2,3.2
154.3,2,3.2
154.4,2,3.2
154.5,2,3.2
154.6,2,3.2
154.7,2,3.2
154.8,2,3.2
154.9,2,3.2
155,2,3.2
155.1,2,3.2
155.2,2,3.2
155.3,2,3.2
155.4,2,3.2
155.5,2,3.2
155.6,2,3.2
155.7,2,3.2
155.8,2,3.2
155.9,2,3.2
156,2,3.2
156.1,2,3.2
156.2,2,3.2
156.3,2,3.2
156.4,2,3.2
156.5,2,3.2
156.6,2,3.2
156.7,2,3.2
156.8,2,3.2
156.9,2,3.2
157,2,3.2
157.1,2,3.2
157.2,2,3.2
157.3,2,3.2
157.4,2,3.2
157.5,2,3.2
157.6,2,3.2
157.7,2,3.2
157.8,2,3.2
157.9,2,3.2
158,2,3.2
158.1,2,3.2
158.2,2,3.2
158.3,2,3.2
158.4,2,3.2
158.5,2,3.2
158.6,2,3.2
158.7,2,3.2
158.8,2,3.2
158.9,2,3.2
159,2,3.2
159.1,2,3.2
159.2,2,3.2
159.3,2,3.2
159.4,2,3.2
159.5,2,3.2
159.6,2,3.2
159.7,2,3.2
159.8,2,3.2
159.9,2,3.2
160,2,3.2
160.1,2,3.2
160.2,2,3.2
160.3,2,3.2
160.4,2,3.2
160.5,2,3.2
160.6,2,3.2
160.7,2,3.2
160.8,2,3.2
160.9,2,3.2
161,2,3.2
161.1,2,3.2
161.2,2,3.2
161.3,2,3.2
161.4,2,3.2
161.5,2,3.2
161.6,2,3.2
161.7,2,3.2
161.8,2,3.2
161.9,2,3.2
162,2,3.2
162.1,2,3.2
162.2,2,3.2
162.3,2,3.2
162.4,2,3.2
162.5,2,3.2
162.6,2,3.2
162.7,2,3.2
162.8,2,3.2
162.9,2,3.2
163,2,3.2
163.1,2,3.2
163.2,2,3.2
163.3,2,3.2
163.4,2,3.2
163.5,2,3.2
163.6,2,3.2
163.7,2,3.2
163.8,2,3.2
163.9,2,3.2
164,2,3.2
164.1,2,3.2
164.2,2,3.2
164.3,2,3.2
164.4,2,3.2
164.5,2,3.2
164.6,2,3.2
164.7,2,3.2
164.8,2,3.2
164.9,2,3.2
165,2,3.2
165.1,2,3.2
165.2,2,3.2
165.3,2,3.2
165.4,2,3.2
165.5,2,3.2
165.6,2,3.2
165.7,2,3.2
165.8,2,3.2
165.9,2,3.2
166,2,3.2
166.1,2,3.2
166.2,2,3.2
166.3,2,3.2
166.4,2,3.2
166.5,2,3.2
166.6,2,3.2
166.7,2,3.2
166.8,2,3.2
166.9,2,3.2
167,2,3.2
167.1,2,3.2
167.2,2,3.2
167.3,2,3.2
167.4,2,3.2
167.5,2,3.2
167.6,2,3.2
167.7,2,3.2
167.8,2,3.2
167.9,2,3.2
168,2,3.2
168.1,2,3.2
168.2,2,3.2
168.3,2,3.2
168.4,2,3.2
168.5,2,3.2
168.6,2,3.2
168.7,2,3.2
168.8,2,3.2
168.9,2,3.2
169,2,3.2
169.1,2,3.2
169.2,2,3.2
169.3,2,3.2
169.4,2,3.2
169.5,2,3.2
169.6,2,3.2
169.7,2,3.2
169.8,2,3.2
169.9,2,3.2
170,2,3.2
170.1,2,3.2
170.2,2,3.2
170.3,2,3.2
170.4,2,3.2
170.5,2,3.2
170.6,2,3.2
170.7,2,3.2
170.8,2,3.2
170.9,2,3.2
171,2,3.2
171.1,2,3.2
171.2,2,3.2
171.3,2,3.2
171.4,2,3.2
171.5,2,3.2
171.6,2,3.2
171.7,2,3.2
171.8,2,3.2
171.9,2,3.2
172,2,3.2
172.1,2,3.2
172.2,2,3.2
172.3,2,3.2
172.4,2,3.2
172.5,2,3.2
172.6,2,3.2
172.7,2,3.2
172.8,2,3.2
172.9,2,3.2
173,2,3.2
173.1,2,3.2
173.2,2,3.2
173.3,2,3.2
173.4,2,3.2
173.5,2,3.2
173.6,2,3.2
173.7,2,3.2
173.8,2,3.2
173.9,2,3.2
174,2,3.2
174.1,2,3.2
174.2,2,3.2
174.3,2,3.2
174.4,2,3.2
174.5,2,3.2
174.6,2,3.2
174.7,2,3.2
174.8,2,3.2
174.9,2,3.2
175,2,3.2
175.1,2,3.2
175.2,2,3.2
175.3,2,3.2
175.4,2,3.2
175.5,2,3.2
175.6,2,3.2
175.7,2,3.2
175.8,2,3.2
175.9,2,3.2
176,2,3.2
176.1,2,3.2
176.2,2,3.2
176.3,2,3.2
176.4,2,3.2
176.5,2,3.2
176.6,2,3.2
176.7,2,3.2
176.8,2,3.2
176.9,2,3.2
177,2,3.2
177.1,2,3.2
177.2,2,3.2
177.3,2,3.2
177.4,2,3.2
177.5,2,3.2
177.6,2,3.2
177.7,2,3.2
177.8,2,3.2
177.9,2,3.2
178,2,3.2
178.1,2,3.2
178.2,2,3.2
178.3,2,3.2
178.4,2,3.2
178.5,2,3.2
178.6,2,3.2
178.7,2,3.2
178.8,2,3.2
178.9,2,3.2
179,2,3.2
179.1,2,3.2
179.2,2,3.2
179.3,2,3.2
179.4,2,3.2
179.5,2,3.2
179.6,2,3.2
179.7,2,3.2
179.8,2,3.2
179.9,2,3.2
180,2,3.2
180.1,2,3.2
180.2,2,3.2
180.3,2,3.2
180.4,2,3.2
180.5,2,3.2
180.6,2,3.2
180.7,2,3.2
180.8,2,3.2
180.9,2,3.2
181,2,3.2
181.1,2,3.2
181.2,2,3.2
181.3,2,3.2
181.4,2,3.2
181.5,2,3.2
181.6,2,3.2
181.7,2,3.2
181.8,2,3.2
181.9,2,3.2
182,2,3.2
182.1,2,3.2
182.2,2,3.2
182.3,2,3.2
182.4,2,3.2
182.5,2,3.2
182.6,2,3.2
182.7,2,3.2
182.8,2,3.2
182.9,2,3.2
183,2,3.2
183.1,2,3.2
183.2,2,3.2
183.3,2,3.2
183.4,2,3.2
183.5,2,3.2
183.6,2,3.2
183.7,2,3.2
183.8,2,3.2
183.9,2,3.2
184,2,3.2
184.1,2,3.2
184.2,2,3.2
184.3,2,3.2
184.4,2,3.2
184.5,2,3.2
184.6,2,3.2
184.7,2,3.2
184.8,2,3.2
184.9,2,3.2
185,2,3.2
185.1,2,3.2
185.2,2,3.2
185.3,2,3.2
185.4,2,3.2
185.5,2,3.2
185.6,2,3.2
185.7,2,3.2
185.8,2,3.2
185.9,2,3.2
186,2,3.2
186.1,2,3.2
186.2,2,3.2
186.3,2,3.2
186.4,2,3.2
186.5,2,3.2
186.6,2,3.2
186.7,2,3.2
186.8,2,3.2
186.9,2,3.2
187,2,3.2
187.1,2,3.2
187.2,2,3.2
187.3,2,3.2
187.4,2,3.2
187.5,2,3.2
187.6,2,3.2
187.7,2,3.2
187.8,2,3.2
187.9,2,3.2
188,2,3.2
188.1,2,3.2
188.2,2,3.2
188.3,2,3.2
188.4,2,3.2
188.5,2,3.2
188.6,2,3.2
188.7,2,3.2
188.8,2,3.2
188.9,2,3.2
189,2,3.2
189.1,2,3.2
189.2,2,3.2
189.3,2,3.2
189.4,2,3.2
189.5,2,3.2
189.6,2,3.2
189.7,2,3.2
189.8,2,3.2
189.9,2,3.2
190,2,3.2
190.1,2,3.2
190.2,2,3.2
190.3,2,3.2
190.4,2,3.2
190.5,2,3.2
190.6,2,3.2
190.7,2,3.2
190.8,2,3.2
190.9,2,3.2
191,2,3.2
191.1,2,3.2
191.2,2,3.2
191.3,2,3.2
191.4,2,3.2
191.5,2,3.2
191.6,2,3.2
191.7,2,3.2
191.8,2,3.2
191.9,2,3.2
192,2,3.2
192.1,2,3.2
192.2,2,3.2
192.3,2,3.2
192.4,2,3.2
192.5,2,3.2
192.6,2,3.2
192.7,2,3.2
192.8,2,3.2
192.9,2,3.2
193,2,3.2
193.1,2,3.2
193.2,2,3.2
193.3,2,3.2
193.4,2,3.2
193.5,2,3.2
193.6,2,3.2
193.7,2,3.2
193.8,2,3.2
193.9,2,3.2
194,2,3.2
194.1,2,3.2
194.2,2,3.2
194.3,2,3.2
194.4,2,3.2
194.5,2,3.2
194.6,2,3.2
194.7,2,3.2
194.8,2,3.2
194.9,2,3.2
195,2,3.2
195.1,2,3.2
195.2,2,3.2
195.3,2,3.2
195.4,2,3.2
195.5,2,3.2
195.6,2,3.2
195.7,2,3.2
195.8,2,3.2
195.9,2,3.2
196,2,3.2
196.1,2,3.2
196.2,2,3.2
196.3,2,3.2
196.4,2,3.2
196.5,2,3.2
196.6,2,3.2
196.7,2,3.2
196.8,2,3.2
196.9,2,3.2
197,2,3.2
197.1,2,3.2
197.2,2,3.2
197.3,2,3.2
197.4,2,3.2
197.5,2,3.2
197.6,2,3.2
197.7,2,3.2
197.8,2,3.2
197.9,2,3.2
198,2,3.2
198.1,2,3.2
198.2,2,3.2
198.3,2,3.2
198.4,2,3.2
198.5,2,3.2
198.6,2,3.2
198.7,2,3.2
198.8,2,3.2
198.9,2,3.2
199,2,3.2
199.1,2,3.2
199.2,2,3.2
199.3,2,3.2
199.4,2,3.2
199.5,2,3.2
199.6,2,3.2
199.7,2,3.2
199.8,2,3.2
199.9,2,3.2
200,2,3.2
200.1,2,3.2
200.2,2,3.2
200.3,2,3.2
200.4,2,3.2
200.5,2,3.2
200.6,2,3.2
200.7,2,3.2
200.8,2,3.2
200.9,2,3.2
201,2,3.2
201.1,2,3.2
201.2,2,3.2
201.3,2,3.2
201.4,2,3.2
201.5,2,3.2
201.6,2,3.2
201.7,2,3.2
201.8,2,3.2
201.9,2,3.2
202,2,3.2
202.1,2,3.2
202.2,2,3.2
202.3,2,3.2
202.4,2,3.2
202.5,2,3.2
202.6,2,3.2
202.7,2,3.2
202.8,2,3.2
202.9,2,3.2
203,2,3.2
203.1,2,3.2
203.2,2,3.2
203.3,2,3.2
203.4,2,3.2
203.5,2,3.2
203.6,2,3.2
203.7,2,3.2
203.8,2,3.2
203.9,2,3.2
204,2,3.2
204.1,2,3.2
204.2,2,3.2
204.3,2,3.2
204.4,2,3.2
204.5,2,3.2
204.6,2,3.2
204.7,2,3.2
204.8,2,3.2
204.9,2,3.2
205,2,3.2
205.1,2,3.2
205.2,2,3.2
205.3,2,3.2
205.4,2,3.2
205.5,2,3.2
205.6,2,3.2
205.7,2,3.2
205.8,2,3.2
205.9,2,3.2
206,2,3.2
206.1,2,3.2
206.2,2,3.2
206.3,2,3.2
206.4,2,3.2
206.5,2,3.2
206.6,2,3.2
206.7,2,3.2
206.8,2,3.2
206.9,2,3.2
207,2,3.2
207.1,2,3.2
207.2,2,3.2
207.3,2,3.2
207.4,2,3.2
207.5,2,3.2
207.6,2,3.2
207.7,2,3.2
207.8,2,3.2
207.9,2,3.2
208,2,3.2
208.1,2,3.2
208.2,2,3.2
208.3,2,3.2
208.4,2,3.2
208.5,2,3.2
208.6,2,3.2
208.7,2,3.2
208.8,2,3.2
208.9,2,3.2
209,2,3.2
209.1,2,3.2
209.2,2,3.2
209.3,2,3.2
209.4,2,3.2
209.5,2,3.2
209.6,2,3.2
209.7,2,3.2
209.8,2,3.2
209.9,2,3.2
210,2,3.2
210.1,2,3.2
210.2,2,3.2
210.3,2,3.2
210.4,2,3.2
210.5,2,3.2
210.6,2,3.2
210.7,2,3.2
210.8,2,3.2
210.9,2,3.2
211,2,3.2
211.1,2,3.2
211.2,2,3.2
211.3,2,3.2
211.4,2,3.2
211.5,2,3.2
211.6,2,3.2
211.7,2,3.2
211.8,2,3.2
211.9,2,3.2
212,2,3.2
212.1,2,3.2
212.2,2,3.2
212.3,2,3.2
212.4,2,3.2
212.5,2,3.2
212.6,2,3.2
212.7,2,3.2
212.8,2,3.2
212.9,2,3.2
213,2,3.2
213.1,2,3.2
213.2,2,3.2
213.3,2,3.2
213.4,2,3.2
213.5,2,3.2
213.6,2,3.2
213.7,2,3.2
213.8,2,3.2
213.9,2,3.2
214,2,3.2
214.1,2,3.2
214.2,2,3.2
214.3,2,3.2
214.4,2,3.2
214.5,2,3.2
214.6,2,3.2
214.7,2,3.2
214.8,2,3.2
214.9,2,3.2
215,2,3.2
215.1,2,3.2
215.2,2,3.2
215.3,2,3.2
215.4,2,3.2
215.5,2,3.2
215.6,2,3.2
215.7,2,3.2
215.8,2,3.2
215.9,2,3.2
216,2,3.2
216.1,2,3.2
216.2,2,3.2
216.3,2,3.2
216.4,2,3.2
216.5,2,3.2
216.6,2,3.2
216.7,2,3.2
216.8,2,3.2
216.9,2,3.2
217,2,3.2
217.1,2,3.2
217.2,2,3.2
217.3,2,3.2
217.4,2,3.2
217.5,2,3.2
217.6,2,3.2
217.7,2,3.2
217.8,2,3.2
217.9,2,3.2
218,2,3.2
218.1,2,3.2
218.2,2,3.2
218.3,2,3.2
218.4,2,3.2
218.5,2,3.2
218.6,2,3.2
218.7,2,3.2
218.8,2,3.2
218.9,2,3.2
219,2,3.2
219.1,2,3.2
219.2,2,3.2
219.3,2,3.2
219.4,2,3.2
219.5,2,3.2
219.6,2,3.2
219.7,2,3.2
219.8,2,3.2
219.9,2,3.2
220,2,3.2
220.1,2,3.2
220.2,2,3.2
220.3,2,3.2
220.4,2,3.2
220.5,2,3.2
220.6,2,3.2
220.7,2,3.2
220.8,2,3.2
220.9,2,3.2
221,2,3.2
221.1,2,3.2
221.2,2,3.2
221.3,2,3.2
221.4,2,3.2
221.5,2,3.2
221.6,2,3.2
221.7,2,3.2
221.8,2,3.2
221.9,2,3.2
222,2,3.2
222.1,2,3.2
222.2,2,3.2
222.3,2,3.2
222.4,2,3.2
222.5,2,3.2
222.6,2,3.2
222.7,2,3.2
222.8,2,3.2
222.9,2,3.2
223,2,3.2
223.1,2,3.2
223.2,2,3.2
223.3,2,3.2
223.4,2,3.2
223.5,2,3.2
223.6,2,3.2
223.7,2,3.2
223.8,2,3.2
223.9,2,3.2
224,2,3.2
224.1,2,3.2
224.2,2,3.2
224.3,2,3.2
224.4,2,3.2
224.5,2,3.2
224.6,2,3.2
224.7,2,3.2
224.8,2,3.2
224.9,2,3.2
225,2,3.2
225.1,2,3.2
225.2,2,3.2
225.3,2,3.2
225.4,2,3.2
225.5,2,3.2
225.6,2,3.2
225.7,2,3.2
225.8,2,3.2
225.9,2,3.2
226,2,3.2
226.1,2,3.2
226.2,2,3.2
226.3,2,3.2
226.4,2,3.2
226.5,2,3.2
226.6,2,3.2
226.7,2,3.2
226.8,2,3.2
226.9,2,3.2
227,2,3.2
227.1,2,3.2
227.2,2,3.2
227.3,2,3.2
227.4,2,3.2
227.5,2,3.2
227.6,2,3.2
227.7,2,3.2
227.8,2,3.2
227.9,2,3.2
228,2,3.2
228.1,2,3.2
228.2,2,3.2
228.3,2,3.2
228.4,2,3.2
228.5,2,3.2
228.6,2,3.2
228.7,2,3.2
228.8,2,3.2
228.9,2,3.2
229,2,3.2
229.1,2,3.2
229.2,2,3.2
229.3,2,3.2
229.4,2,3.2
229.5,2,3.2
229.6,2,3.2
229.7,2,3.2
229.8,2,3.2
229.9,2,3.2
230,2,3.2
230.1,2,3.2
230.2,2,3.2
230.3,2,3.2
230.4,2,3.2
230.5,2,3.2
230.6,2,3.2
230.7,2,3.2
230.8,2,3.2
230.9,2,3.2
231,2,3.2
231.1,2,3.2
231.2,2,3.2
231.3,2,3.2
231.4,2,3.2
231.5,2,3.2
231.6,2,3.2
231.7,2,3.2
231.8,2,3.2
231.9,2,3.2
232,2,3.2
232.1,2,3.2
232.2,2,3.2
232.3,2,3.2
232.4,2,3.2
232.5,2,3.2
232.6,2,3.2
232.7,2,3.2
232.8,2,3.2
232.9,2,3.2
233,2,3.2
233.1,2,3.2
233.2,2,3.2
233.3,2,3.2
233.4,2,3.2
233.5,2,3.2
233.6,2,3.2
233.7,2,3.2
233.8,2,3.2
233.9,2,3.2
234,2,3.2
234.1,2,3.2
234.2,2,3.2
234.3,2,3.2
234.4,2,3.2
234.5,2,3.2
234.6,2,3.2
234.7,2,3.2
234.8,2,3.2
234.9,2,3.2
235,2,3.2
235.1,2,3.2
235.2,2,3.2
235.3,2,3.2
235.4,2,3.2
235.5,2,3.2
235.6,2,3.2
235.7,2,3.2
235.8,2,3.2
235.9,2,3.2
236,2,3.2
236.1,2,3.2
236.2,2,3.2
236.3,2,3.2
236.4,2,3.2
236.5,2,3.2
236.6,2,3.2
236.7,2,3.2
236.8,2,3.2
236.9,2,3.2
237,2,3.2
237.1,2,3.2
237.2,2,3.2
237.3,2,3.2
237.4,2,3.2
237.5,2,3.2
237.6,2,3.2
237.7,2,3.2
237.8,2,3.2
237.9,2,3.2
238,2,3.2
238.1,2,3.2
238.2,2,3.2
238.3,2,3.2
238.4,2,3.2
238.5,2,3.2
238.6,2,3.2
238.7,2,3.2
238.8,2,3.2
238.9,2,3.2
239,2,3.2
239.1,2,3.2
239.2,2,3.2
239.3,2,3.2
239.4,2,3.2
239.5,2,3.2
239.6,2,3.2
239.7,2,3.2
239.8,2,3.2
239.9,2,3.2
240,2,3.2
240.1,2,3.2
240.2,2,3.2
240.3,2,3.2
240.4,2,3.2
240.5,2,3.2
240.6,2,3.2
240.7,2,3.2
240.8,2,3.2
240.9,2,3.2
241,2,3.2
241.1,2,3.2
241.2,2,3.2
241.3,2,3.2
241.4,2,3.2
241.5,2,3.2
241.6,2,3.2
241.7,2,3.2
241.8,2,3.2
241.9,2,3.2
242,2,3.2
242.1,2,3.2
242.2,2,3.2
242.3,2,3.2
242.4,2,3.2
242.5,2,3.2
242.6,2,3.2
242.7,2,3.2
242.8,2,3.2
242.9,2,3.2
243,2,3.2
243.1,2,3.2
243.2,2,3.2
243.3,2,3.2
243.4,2,3.2
243.5,2,3.2
243.6,2,3.2
243.7,2,3.2
243.8,2,3.2
243.9,2,3.2
244,2,3.2
244.1,2,3.2
244.2,2,3.2
244.3,2,3.2
244.4,2,3.2
244.5,2,3.2
244.6,2,3.2
244.7,2,3.2
244.8,2,3.2
244.9,2,3.2
245,2,3.2
245.1,2,3.2
245.2,2,3.2
245.3,2,3.2
245.4,2,3.2
245.5,2,3.2
245.6,2,3.2
245.7,2,3.2
245.8,2,3.2
245.9,2,3.2
246,2,3.2
246.1,2,3.2
246.2,2,3.2
246.3,2,3.2
246.4,2,3.2
246.5,2,3.2
246.6,2,3.2
246.7,2,3.2
246.8,2,3.2
246.9,2,3.2
247,2,3.2
247.1,2,3.2
247.2,2,3.2
247.3,2,3.2
247.4,2,3.2
247.5,2,3.2
247.6,2,3.2
247.7,2,3.2
247.8,2,3.2
247.9,2,3.2
248,2,3.2
248.1,2,3.2
248.2,2,3.2
248.3,2,3.2
248.4,2,3.2
248.5,2,3.2
248.6,2,3.2
248.7,2,3.2
248.8,2,3.2
248.9,2,3.2
249,2,3.2
249.1,2,3.2
249.2,2,3.2
249.3,2,3.2
249.4,2,3.2
249.5,2,3.2
249.6,2,3.2
249.7,2,3.2
249.8,2,3.2
249.9,2,3.2
250,2,3.2
250.1,2,3.2
250.2,2,3.2
250.3,2,3.2
250.4,2,3.2
250.5,2,3.2
250.6,2,3.2
250.7,2,3.2
250.8,2,3.2
250.9,2,3.2
251,2,3.2
251.1,2,3.2
251.2,2,3.2
251.3,2,3.2
251.4,2,3.2
251.5,2,3.2
251.6,2,3.2
251.7,2,3.2
251.8,2,3.2
251.9,2,3.2
252,2,3.2
252.1,2,3.2
252.2,2,3.2
252.3,2,3.2
252.4,2,3.2
252.5,2,3.2
252.6,2,3.2
252.7,2,3.2
252.8,2,3.2
252.9,2,3.2
253,2,3.2
253.1,2,3.2
253.2,2,3.2
253.3,2,3.2
253.4,2,3.2
253.5,2,3.2
253.6,2,3.2
253.7,2,3.2
253.8,2,3.2
253.9,2,3.2
254,2,3.2
254.1,2,3.2
254.2,2,3.2
254.3,2,3.2
254.4,2,3.2
254.5,2,3.2
254.6,2,3.2
254.7,2,3.2
254.8,2,3.2
254.9,2,3.2
255,2,3.2
255.1,2,3.2
255.2,2,3.2
255.3,2,3.2
255.4,2,3.2
255.5,2,3.2
255.6,2,3.2
255.7,2,3.2
255.8,2,3.2
255.9,2,3.2
256,2,3.2
256.1,2,3.2
256.2,2,3.2
256.3,2,3.2
256.4,2,3.2
256.5,2,3.2
256.6,2,3.2
256.7,2,3.2
256.8,2,3.2
256.9,2,3.2
257,2,3.2
257.1,2,3.2
257.2,2,3.2
257.3,2,3.2
257.4,2,3.2
257.5,2,3.2
257.6,2,3.2
257.7,2,3.2
257.8,2,3.2
257.9,2,3.2
258,2,3.2
258.1,2,3.2
258.2,2,3.2
258.3,2,3.2
258.4,2,3.2
258.5,2,3.2
258.6,2,3.2
258.7,2,3.2
258.8,2,3.2
258.9,2,3.2
259,2,3.2
259.1,2,3.2
259.2,2,3.2
259.3,2,3.2
259.4,2,3.2
259.5,2,3.2
259.6,2,3.2
259.7,2,3.2
259.8,2,3.2
259.9,2,3.2
260,2,3.2
260.1,2,3.2
260.2,2,3.2
260.3,2,3.2
260.4,2,3.2
260.5,2,3.2
260.6,2,3.2
260.7,2,3.2
260.8,2,3.2
260.9,2,3.2
261,2,3.2
261.1,2,3.2
261.2,2,3.2
261.3,2,3.2
261.4,2,3.2
261.5,2,3.2
261.6,2,3.2
261.7,2,3.2
261.8,2,3.2
261.9,2,3.2
262,2,3.2
262.1,2,3.2
262.2,2,3.2
262.3,2,3.2
262.4,2,3.2
262.5,2,3.2
262.6,2,3.2
262.7,2,3.2
262.8,2,3.2
262.9,2,3.2
263,2,3.2
263.1,2,3.2
263.2,2,3.2
263.3,2,3.2
263.4,2,3.2
263.5,2,3.2
263.6,2,3.2
263.7,2,3.2
263.8,2,3.2
263.9,2,3.2
264,2,3.2
264.1,2,3.2
264.2,2,3.2
264.3,2,3.2
264.4,2,3.2
264.5,2,3.2
264.6,2,3.2
264.7,2,3.2
264.8,2,3.2
264.9,2,3.2
265,2,3.2
265.1,2,3.2
265.2,2,3.2
265.3,2,3.2
265.4,2,3.2
265.5,2,3.2
265.6,2,3.2
265.7,2,3.2
265.8,2,3.2
265.9,2,3.2
266,2,3.2
266.1,2,3.2
266.2,2,3.2
266.3,2,3.2
266.4,2,3.2
266.5,2,3.2
266.6,2,3.2
266.7,2,3.2
266.8,2,3.2
266.9,2,3.2
267,2,3.2
267.1,2,3.2
267.2,2,3.2
267.3,2,3.2
267.4,2,3.2
267.5,2,3.2
267.6,2,3.2
267.7,2,3.2
267.8,2,3.2
267.9,2,3.2
268,2,3.2
268.1,2,3.2
268.2,2,3.2
268.3,2,3.2
268.4,2,3.2
268.5,2,3.2
268.6,2,3.2
268.7,2,3.2
268.8,2,3.2
268.9,2,3.2
269,2,3.2
269.1,2,3.2
269.2,2,3.2
269.3,2,3.2
269.4,2,3.2
269.5,2,3.2
269.6,2,3.2
269.7,2,3.2
269.8,2,3.2
269.9,2,3.2
270,2,3.2
270.1,2,3.2
270.2,2,3.2
270.3,2,3.2
270.4,2,3.2
270.5,2,3.2
270.6,2,3.2
270.7,2,3.2
270.8,2,3.2
270.9,2,3.2
271,2,3.2
271.1,2,3.2
271.2,2,3.2
271.3,2,3.2
271.4,2,3.2
271.5,2,3.2
271.6,2,3.2
271.7,2,3.2
271.8,2,3.2
271.9,2,3.2
272,2,3.2
272.1,2,3.2
272.2,2,3.2
272.3,2,3.2
272.4,2,3.2
272.5,2,3.2
272.6,2,3.2
272.7,2,3.2
272.8,2,3.2
272.9,2,3.2
273,2,3.2
273.1,2,3.2
273.2,2,3.2
273.3,2,3.2
273.4,2,3.2
273.5,2,3.2
273.6,2,3.2
273.7,2,3.2
273.8,2,3.2
273.9,2,3.2
274,2,3.2
274.1,2,3.2
274.2,2,3.2
274.3,2,3.2
274.4,2,3.2
274.5,2,3.2
274.6,2,3.2
274.7,2,3.2
274.8,2,3.2
274.9,2,3.2
275,2,3.2
275.1,2,3.2
275.2,2,3.2
275.3,2,3.2
275.4,2,3.2
275.5,2,3.2
275.6,2,3.2
275.7,2,3.2
275.8,2,3.2
275.9,2,3.2
276,2,3.2
276.1,2,3.2
276.2,2,3.2
276.3,2,3.2
276.4,2,3.2
276.5,2,3.2
276.6,2,3.2
276.7,2,3.2
276.8,2,3.2
276.9,2,3.2
277,2,3.2
277.1,2,3.2
277.2,2,3.2
277.3,2,3.2
277.4,2,3.2
277.5,2,3.2
277.6,2,3.2
277.7,2,3.2
277.8,2,3.2
277.9,2,3.2
278,2,3.2
278.1,2,3.2
278.2,2,3.2
278.3,2,3.2
278.4,2,3.2
278.5,2,3.2
278.6,2,3.2
278.7,2,3.2
278.8,2,3.2
278.9,2,3.2
279,2,3.2
279.1,2,3.2
279.2,2,3.2
279.3,2,3.2
279.4,2,3.2
279.5,2,3.2
279.6,2,3.2
279.7,2,3.2
279.8,2,3.2
279.9,2,3.2
280,2,3.2
280.1,2,3.2
280.2,2,3.2
280.3,2,3.2
280.4,2,3.2
280.5,2,3.2
280.6,2,3.2
280.7,2,3.2
280.8,2,3.2
280.9,2,3.2
281,2,3.2
281.1,2,3.2
281.2,2,3.2
281.3,2,3.2
281.4,2,3.2
281.5,2,3.2
281.6,2,3.2
281.7,2,3.2
281.8,2,3.2
281.9,2,3.2
282,2,3.2
282.1,2,3.2
282.2,2,3.2
282.3,2,3.2
282.4,2,3.2
282.5,2,3.2
282.6,2,3.2
282.7,2,3.2
282.8,2,3.2
282.9,2,3.2
283,2,3.2
283.1,2,3.2
283.2,2,3.2
283.3,2,3.2
283.4,2,3.2
283.5,2,3.2
283.6,2,3.2
283.7,2,3.2
283.8,2,3.2
283.9,2,3.2
284,2,3.2
284.1,2,3.2
284.2,2,3.2
284.3,2,3.2
284.4,2,3.2
284.5,2,3.2
284.6,2,3.2
284.7,2,3.2
284.8,2,3.2
284.9,2,3.2
285,2,3.2
285.1,2,3.2
285.2,2,3.2
285.3,2,3.2
285.4,2,3.2
285.5,2,3.2
285.6,2,3.2
285.7,2,3.2
285.8,2,3.2
285.9,2,3.2
286,2,3.2
286.1,2,3.2
286.2,2,3.2
286.3,2,3.2
286.4,2,3.2
286.5,2,3.2
286.6,2,3.2
286.7,2,3.2
286.8,2,3.2
286.9,2,3.2
287,2,3.2
287.1,2,3.2
287.2,2,3.2
287.3,2,3.2
287.4,2,3.2
287.5,2,3.2
287.6,2,3.2
287.7,2,3.2
287.8,2,3.2
287.9,2,3.2
288,2,3.2
288.1,2,3.2
288.2,2,3.2
288.3,2,3.2
288.4,2,3.2
288.5,2,3.2
288.6,2,3.2
288.7,2,3.2
288.8,2,3.2
288.9,2,3.2
289,2,3.2
289.1,2,3.2
289.2,2,3.2
289.3,2,3.2
289.4,2,3.2
289.5,2,3.2
289.6,2,3.2
289.7,2,3.2
289.8,2,3.2
289.9,2,3.2
290,2,3.2
290.1,2,3.2
290.2,2,3.2
290.3,2,3.2
290.4,2,3.2
290.5,2,3.2
290.6,2,3.2
290.7,2,3.2
290.8,2,3.2
290.9,2,3.2
291,2,3.2
291.1,2,3.2
291.2,2,3.2
291.3,2,3.2
291.4,2,3.2
291.5,2,3.2
291.6,2,3.2
291.7,2,3.2
291.8,2,3.2
291.9,2,3.2
292,2,3.2
292.1,2,3.2
292.2,2,3.2
292.3,2,3.2
292.4,2,3.2
292.5,2,3.2
292.6,2,3.2
292.7,2,3.2
292.8,2,3.2
292.9,2,3.2
293,2,3.2
293.1,2,3.2
293.2,2,3.2
293.3,2,3.2
293.4,2,3.2
293.5,2,3.2
293.6,2,3.2
293.7,2,3.2
293.8,2,3.2
293.9,2,3.2
294,2,3.2
294.1,2,3.2
294.2,2,3.2
294.3,2,3.2
294.4,2,3.2
294.5,2,3.2
294.6,2,3.2
294.7,2,3.2
294.8,2,3.2
294.9,2,3.2
295,2,3.2
295.1,2,3.2
295.2,2,3.2
295.3,2,3.2
295.4,2,3.2
295.5,2,3.2
295.6,2,3.2
295.7,2,3.2
295.8,2,3.2
295.9,2,3.2
296,2,3.2
296.1,2,3.2
296.2,2,3.2
296.3,2,3.2
296.4,2,3.2
296.5,2,3.2
296.6,2,3.2
296.7,2,3.2
296.8,2,3.2
296.9,2,3.2
297,2,3.2
297.1,2,3.2
297.2,2,3.2
297.3,2,3.2
297.4,2,3.2
297.5,2,3.2
297.6,2,3.2
297.7,2,3.2
297.8,2,3.2
297.9,2,3.2
298,2,3.2
298.1,2,3.2
298.2,2,3.2
298.3,2,3.2
298.4,2,3.2
298.5,2,3.2
298.6,2,3.2
298.7,2,3.2
298.8,2,3.2
298.9,2,3.2
299,2,3.2
299.1,2,3.2
299.2,2,3.2
299.3,2,3.2
299.4,2,3.2
299.5,2,3.2
299.6,2,3.2
299.7,2,3.2
299.8,2,3.2
299.9,2,3.2
300,2,3.2
300.1,2,3.2
300.2,2,3.2
300.3,2,3.2
300.4,2,3.2
300.5,2,3.2
300.6,2,3.2
300.7,2,3.2
300.8,2,3.2
300.9,2,3.2
301,2,3.2
301.1,2,3.2
301.2,2,3.2
301.3,2,3.2
301.4,2,3.2
301.5,2,3.2
301.6,2,3.2
301.7,2,3.2
301.8,2,3.2
301.9,2,3.2
302,2,3.2
302.1,2,3.2
302.2,2,3.2
302.3,2,3.2
302.4,2,3.2
302.5,2,3.2
302.6,2,3.2
302.7,2,3.2
302.8,2,3.2
302.9,2,3.2
303,2,3.2
303.1,2,3.2
303.2,2,3.2
303.3,2,3.2
303.4,2,3.2
303.5,2,3.2
303.6,2,3.2
303.7,2,3.2
303.8,2,3.2
303.9,2,3.2
304,2,3.2
304.1,2,3.2
304.2,2,3.2
304.3,2,3.2
304.4,2,3.2
304.5,2,3.2
304.6,2,3.2
304.7,2,3.2
304.8,2,3.2
304.9,2,3.2
305,2,3.2
305.1,2,3.2
305.2,2,3.2
305.3,2,3.2
305.4,2,3.2
305.5,2,3.2
305.6,2,3.2
305.7,2,3.2
305.8,2,3.2
305.9,2,3.2
306,2,3.2
306.1,2,3.2
306.2,2,3.2
306.3,2,3.2
306.4,2,3.2
306.5,2,3.2
306.6,2,3.2
306.7,2,3.2
306.8,2,3.2
306.9,2,3.2
307,2,3.2
307.1,2,3.2
307.2,2,3.2
307.3,2,3.2
307.4,2,3.2
307.5,2,3.2
307.6,2,3.2
307.7,2,3.2
307.8,2,3.2
307.9,2,3.2
308,2,3.2
308.1,2,3.2
308.2,2,3.2
308.3,2,3.2
308.4,2,3.2
308.5,2,3.2
308.6,2,3.2
308.7,2,3.2
308.8,2,3.2
308.9,2,3.2
309,2,3.2
309.1,2,3.2
309.2,2,3.2
309.3,2,3.2
309.4,2,3.2
309.5,2,3.2
309.6,2,3.2
309.7,2,3.2
309.8,2,3.2
309.9,2,3.2
310,2,3.2
310.1,2,3.2
310.2,2,3.2
310.3,2,3.2
310.4,2,3.2
310.5,2,3.2
310.6,2,3.2
310.7,2,3.2
310.8,2,3.2
310.9,2,3.2
311,2,3.2
311.1,2,3.2
311.2,2,3.2
311.3,2,3.2
311.4,2,3.2
311.5,2,3.2
311.6,2,3.2
311.7,2,3.2
311.8,2,3.2
311.9,2,3.2
312,2,3.2
312.1,2,3.2
312.2,2,3.2
312.3,2,3.2
312.4,2,3.2
312.5,2,3.2
312.6,2,3.2
312.7,2,3.2
312.8,2,3.2
312.9,2,3.2
313,2,3.2
313.1,2,3.2
313.2,2,3.2
313.3,2,3.2
313.4,2,3.2
313.5,2,3.2
313.6,2,3.2
313.7,2,3.2
313.8,2,3.2
313.9,2,3.2
314,2,3.2
314.1,2,3.2
314.2,2,3.2
314.3,2,3.2
314.4,2,3.2
314.5,2,3.2
314.6,2,3.2
314.7,2,3.2
314.8,2,3.2
314.9,2,3.2
315,2,3.2
315.1,2,3.2
315.2,2,3.2
315.3,2,3.2
315.4,2,3.2
315.5,2,3.2
315.6,2,3.2
315.7,2,3.2
315.8,2,3.2
315.9,2,3.2
316,2,3.2
316.1,2,3.2
316.2,2,3.2
316.3,2,3.2
316.4,2,3.2
316.5,2,3.2
316.6,2,3.2
316.7,2,3.2
316.8,2,3.2
316.9,2,3.2
317,2,3.2
317.1,2,3.2
317.2,2,3.2
317.3,2,3.2
317.4,2,3.2
317.5,2,3.2
317.6,2,3.2
317.7,2,3.2
317.8,2,3.2
317.9,2,3.2
318,2,3.2
318.1,2,3.2
318.2,2,3.2
318.3,2,3.2
318.4,2,3.2
318.5,2,3.2
318.6,2,3.2
318.7,2,3.2
318.8,2,3.2
318.9,2,3.2
319,2,3.2
319.1,2,3.2
319.2,2,3.2
319.3,2,3.2
319.4,2,3.2
319.5,2,3.2
319.6,2,3.2
319.7,2,3.2
319.8,2,3.2
319.9,2,3.2
320,2,3.2
320.1,2,3.2
320.2,2,3.2
320.3,2,3.2
320.4,2,3.2
320.5,2,3.2
320.6,2,3.2
320.7,2,3.2
320.8,2,3.2
320.9,2,3.2
321,2,3.2
321.1,2,3.2
321.2,2,3.2
321.3,2,3.2
321.4,2,3.2
321.5,2,3.2
321.6,2,3.2
321.7,2,3.2
321.8,2,3.2
321.9,2,3.2
322,2,3.2
322.1,2,3.2
322.2,2,3.2
322.3,2,3.2
322.4,2,3.2
322.5,2,3.2
322.6,2,3.2
322.7,2,3.2
322.8,2,3.2
322.9,2,3.2
323,2,3.2
323.1,2,3.2
323.2,2,3.2
323.3,2,3.2
323.4,2,3.2
323.5,2,3.2
323.6,2,3.2
323.7,2,3.2
323.8,2,3.2
323.9,2,3.2
324,2,3.2
324.1,2,3.2
324.2,2,3.2
324.3,2,3.2
324.4,2,3.2
324.5,2,3.2
324.6,2,3.2
324.7,2,3.2
324.8,2,3.2
324.9,2,3.2
325,2,3.2
325.1,2,3.2
325.2,2,3.2
325.3,2,3.2
325.4,2,3.2
325.5,2,3.2
325.6,2,3.2
325.7,2,3.2
325.8,2,3.2
325.9,2,3.2
326,2,3.2
326.1,2,3.2
326.2,2,3.2
326.3,2,3.2
326.4,2,3.2
326.5,2,3.2
326.6,2,3.2
326.7,2,3.2
326.8,2,3.2
326.9,2,3.2
327,2,3.2
327.1,2,3.2
327.2,2,3.2
327.3,2,3.2
327.4,2,3.2
327.5,2,3.2
327.6,2,3.2
327.7,2,3.2
327.8,2,3.2
327.9,2,3.2
328,2,3.2
328.1,2,3.2
328.2,2,3.2
328.3,2,3.2
328.4,2,3.2
328.5,2,3.2
328.6,2,3.2
328.7,2,3.2
328.8,2,3.2
328.9,2,3.2
329,2,3.2
329.1,2,3.2
329.2,2,3.2
329.3,2,3.2
329.4,2,3.2
329.5,2,3.2
329.6,2,3.2
329.7,2,3.2
329.8,2,3.2
329.9,2,3.2
330,2,3.2
330.1,2,3.2
330.2,2,3.2
330.3,2,3.2
330.4,2,3.2
330.5,2,3.2
330.6,2,3.2
330.7,2,3.2
330.8,2,3.2
330.9,2,3.2
331,2,3.2
331.1,2,3.2
331.2,2,3.2
331.3,2,3.2
331.4,2,3.2
331.5,2,3.2
331.6,2,3.2
331.7,2,3.2
331.8,2,3.2
331.9,2,3.2
332,2,3.2
332.1,2,3.2
332.2,2,3.2
332.3,2,3.2
332.4,2,3.2
332.5,2,3.2
332.6,2,3.2
332.7,2,3.2
332.8,2,3.2
332.9,2,3.2
333,2,3.2
333.1,2,3.2
333.2,2,3.2
333.3,2,3.2
333.4,2,3.2
333.5,2,3.2
333.6,2,3.2
333.7,2,3.2
333.8,2,3.2
333.9,2,3.2
334,2,3.2
334.1,2,3.2
334.2,2,3.2
334.3,2,3.2
334.4,2,3.2
334.5,2,3.2
334.6,2,3.2
334.7,2,3.2
334.8,2,3.2
334.9,2,3.2
335,2,3.2
335.1,2,3.2
335.2,2,3.2
335.3,2,3.2
335.4,2,3.2
335.5,2,3.2
335.6,2,3.2
335.7,2,3.2
335.8,2,3.2
335.9,2,3.2
336,2,3.2
336.1,2,3.2
336.2,2,3.2
336.3,2,3.2
336.4,2,3.2
336.5,2,3.2
336.6,2,3.2
336.7,2,3.2
336.8,2,3.2
336.9,2,3.2
337,2,3.2
337.1,2,3.2
337.2,2,3.2
337.3,2,3.2
337.4,2,3.2
337.5,2,3.2
337.6,2,3.2
337.7,2,3.2
337.8,2,3.2
337.9,2,3.2
338,2,3.2
338.1,2,3.2
338.2,2,3.2
338.3,2,3.2
338.4,2,3.2
338.5,2,3.2
338.6,2,3.2
338.7,2,3.2
338.8,2,3.2
338.9,2,3.2
339,2,3.2
339.1,2,3.2
339.2,2,3.2
339.3,2,3.2
339.4,2,3.2
339.5,2,3.2
339.6,2,3.2
339.7,2,3.2
339.8,2,3.2
339.9,2,3.2
340,2,3.2
340.1,2,3.2
340.2,2,3.2
340.3,2,3.2
340.4,2,3.2
340.5,2,3.2
340.6,2,3.2
340.7,2,3.2
340.8,2,3.2
340.9,2,3.2
341,2,3.2
341.1,2,3.2
341.2,2,3.2
341.3,2,3.2
341.4,2,3.2
341.5,2,3.2
341.6,2,3.2
341.7,2,3.2
341.8,2,3.2
341.9,2,3.2
342,2,3.2
342.1,2,3.2
342.2,2,3.2
342.3,2,3.2
342.4,2,3.2
342.5,2,3.2
342.6,2,3.2
342.7,2,3.2
342.8,2,3.2
342.9,2,3.2
343,2,3.2
343.1,2,3.2
343.2,2,3.2
343.3,2,3.2
343.4,2,3.2
343.5,2,3.2
343.6,2,3.2
343.7,2,3.2
343.8,2,3.2
343.9,2,3.2
344,2,3.2
344.1,2,3.2
344.2,2,3.2
344.3,2,3.2
344.4,2,3.2
344.5,2,3.2
344.6,2,3.2
344.7,2,3.2
344.8,2,3.2
344.9,2,3.2
345,2,3.2
345.1,2,3.2
345.2,2,3.2
345.3,2,3.2
345.4,2,3.2
345.5,2,3.2
345.6,2,3.2
345.7,2,3.2
345.8,2,3.2
345.9,2,3.2
346,2,3.2
346.1,2,3.2
346.2,2,3.2
346.3,2,3.2
346.4,2,3.2
346.5,2,3.2
346.6,2,3.2
346.7,2,3.2
346.8,2,3.2
346.9,2,3.2
347,2,3.2
347.1,2,3.2
347.2,2,3.2
347.3,2,3.2
347.4,2,3.2
347.5,2,3.2
347.6,2,3.2
347.7,2,3.2
347.8,2,3.2
347.9,2,3.2
348,2,3.2
348.1,2,3.2
348.2,2,3.2
348.3,2,3.2
348.4,2,3.2
348.5,2,3.2
348.6,2,3.2
348.7,2,3.2
348.8,2,3.2
348.9,2,3.2
349,2,3.2
349.1,2,3.2
349.2,2,3.2
349.3,2,3.2
349.4,2,3.2
349.5,2,3.2
349.6,2,3.2
349.7,2,3.2
349.8,2,3.2
349.9,2,3.2
350,2,3.2
350.1,2,3.2
350.2,2,3.2
350.3,2,3.2
350.4,2,3.2
350.5,2,3.2
350.6,2,3.2
350.7,2,3.2
350.8,2,3.2
350.9,2,3.2
351,2,3.2
351.1,2,3.2
351.2,2,3.2
351.3,2,3.2
351.4,2,3.2
351.5,2,3.2
351.6,2,3.2
351.7,2,3.2
351.8,2,3.2
351.9,2,3.2
352,2,3.2
352.1,2,3.2
352.2,2,3.2
352.3,2,3.2
352.4,2,3.2
352.5,2,3.2
352.6,2,3.2
352.7,2,3.2
352.8,2,3.2
352.9,2,3.2
353,2,3.2
353.1,2,3.2
353.2,2,3.2
353.3,2,3.2
353.4,2,3.2
353.5,2,3.2
353.6,2,3.2
353.7,2,3.2
353.8,2,3.2
353.9,2,3.2
354,2,3.2
354.1,2,3.2
354.2,2,3.2
354.3,2,3.2
354.4,2,3.2
354.5,2,3.2
354.6,2,3.2
354.7,2,3.2
354.8,2,3.2
354.9,2,3.2
355,2,3.2
355.1,2,3.2
355.2,2,3.2
355.3,2,3.2
355.4,2,3.2
355.5,2,3.2
355.6,2,3.2
355.7,2,3.2
355.8,2,3.2
355.9,2,3.2
356,2,3.2
356.1,2,3.2
356.2,2,3.2
356.3,2,3.2
356.4,2,3.2
356.5,2,3.2
356.6,2,3.2
356.7,2,3.2
356.8,2,3.2
356.9,2,3.2
357,2,3.2
357.1,2,3.2
357.2,2,3.2
357.3,2,3.2
357.4,2,3.2
357.5,2,3.2
357.6,2,3.2
357.7,2,3.2
357.8,2,3.2
357.9,2,3.2
358,2,3.2
358.1,2,3.2
358.2,2,3.2
358.3,2,3.2
358.4,2,3.2
358.5,2,3.2
358.6,2,3.2
358.7,2,3.2
358.8,2,3.2
358.9,2,3.2
359,2,3.2
359.1,2,3.2
359.2,2,3.2
359.3,2,3.2
359.4,2,3.2
359.5,2,3.2
359.6,2,3.2
359.7,2,3.2
359.8,2,3.2
359.9,2,3.2
360,2,3.2
360.1,2,3.2
360.2,2,3.2
360.3,2,3.2
360.4,2,3.2
360.5,2,3.2
360.6,2,3.2
360.7,2,3.2
360.8,2,3.2
360.9,2,3.2
361,2,3.2
361.1,2,3.2
361.2,2,3.2
361.3,2,3.2
361.4,2,3.2
361.5,2,3.2
361.6,2,3.2
361.7,2,3.2
361.8,2,3.2
361.9,2,3.2
362,2,3.2
362.1,2,3.2
362.2,2,3.2
362.3,2,3.2
362.4,2,3.2
362.5,2,3.2
362.6,2,3.2
362.7,2,3.2
362.8,2,3.2
362.9,2,3.2
363,2,3.2
363.1,2,3.2
363.2,2,3.2
363.3,2,3.2
363.4,2,3.2
363.5,2,3.2
363.6,2,3.2
363.7,2,3.2
363.8,2,3.2
363.9,2,3.2
364,2,3.2
364.1,2,3.2
364.2,2,3.2
364.3,2,3.2
364.4,2,3.2
364.5,2,3.2
364.6,2,3.2
364.7,2,3.2
364.8,2,3.2
364.9,2,3.2
365,2,3.2
365.1,2,3.2
365.2,2,3.2
365.3,2,3.2
365.4,2,3.2
365.5,2,3.2
365.6,2,3.2
365.7,2,3.2
365.8,2,3.2
365.9,2,3.2
366,2,3.2
366.1,2,3.2
366.2,2,3.2
366.3,2,3.2
366.4,2,3.2
366.5,2,3.2
366.6,2,3.2
366.7,2,3.2
366.8,2,3.2
366.9,2,3.2
367,2,3.2
367.1,2,3.2
367.2,2,3.2
367.3,2,3.2
367.4,2,3.2
367.5,2,3.2
367.6,2,3.2
367.7,2,3.2
367.8,2,3.2
367.9,2,3.2
368,2,3.2
368.1,2,3.2
368.2,2,3.2
368.3,2,3.2
368.4,2,3.2
368.5,2,3.2
368.6,2,3.2
368.7,2,3.2
368.8,2,3.2
368.9,2,3.2
369,2,3.2
369.1,2,3.2
369.2,2,3.2
369.3,2,3.2
369.4,2,3.2
369.5,2,3.2
369.6,2,3.2
369.7,2,3.2
369.8,2,3.2
369.9,2,3.2
370,2,3.2
370.1,2,3.2
370.2,2,3.2
370.3,2,3.2
370.4,2,3.2
370.5,2,3.2
370.6,2,3.2
370.7,2,3.2
370.8,2,3.2
370.9,2,3.2
371,2,3.2
371.1,2,3.2
371.2,2,3.2
371.3,2,3.2
371.4,2,3.2
371.5,2,3.2
371.6,2,3.2
371.7,2,3.2
371.8,2,3.2
371.9,2,3.2
372,2,3.2
372.1,2,3.2
372.2,2,3.2
372.3,2,3.2
372.4,2,3.2
372.5,2,3.2
372.6,2,3.2
372.7,2,3.2
372.8,2,3.2
372.9,2,3.2
373,2,3.2
373.1,2,3.2
373.2,2,3.2
373.3,2,3.2
373.4,2,3.2
373.5,2,3.2
373.6,2,3.2
373.7,2,3.2
373.8,2,3.2
373.9,2,3.2
374,2,3.2
374.1,2,3.2
374.2,2,3.2
374.3,2,3.2
374.4,2,3.2
374.5,2,3.2
374.6,2,3.2
374.7,2,3.2
374.8,2,3.2
374.9,2,3.2
375,2,3.2
375.1,2,3.2
375.2,2,3.2
375.3,2,3.2
375.4,2,3.2
375.5,2,3.2
375.6,2,3.2
375.7,2,3.2
375.8,2,3.2
375.9,2,3.2
376,2,3.2
376.1,2,3.2
376.2,2,3.2
376.3,2,3.2
376.4,2,3.2
376.5,2,3.2
376.6,2,3.2
376.7,2,3.2
376.8,2,3.2
376.9,2,3.2
377,2,3.2
377.1,2,3.2
377.2,2,3.2
377.3,2,3.2
377.4,2,3.2
377.5,2,3.2
377.6,2,3.2
377.7,2,3.2
377.8,2,3.2
377.9,2,3.2
378,2,3.2
378.1,2,3.2
378.2,2,3.2
378.3,2,3.2
378.4,2,3.2
378.5,2,3.2
378.6,2,3.2
378.7,2,3.2
378.8,2,3.2
378.9,2,3.2
379,2,3.2
379.1,2,3.2
379.2,2,3.2
379.3,2,3.2
379.4,2,3.2
379.5,2,3.2
379.6,2,3.2
379.7,2,3.2
379.8,2,3.2
379.9,2,3.2
380,2,3.2
380.1,2,3.2
380.2,2,3.2
380.3,2,3.2
380.4,2,3.2
380.5,2,3.2
380.6,2,3.2
380.7,2,3.2
380.8,2,3.2
380.9,2,3.2
381,2,3.2
381.1,2,3.2
381.2,2,3.2
381.3,2,3.2
381.4,2,3.2
381.5,2,3.2
381.6,2,3.2
381.7,2,3.2
381.8,2,3.2
381.9,2,3.2
382,2,3.2
382.1,2,3.2
382.2,2,3.2
382.3,2,3.2
382.4,2,3.2
382.5,2,3.2
382.6,2,3.2
382.7,2,3.2
382.8,2,3.2
382.9,2,3.2
383,2,3.2
383.1,2,3.2
383.2,2,3.2
383.3,2,3.2
383.4,2,3.2
383.5,2,3.2
383.6,2,3.2
383.7,2,3.2
383.8,2,3.2
383.9,2,3.2
384,2,3.2
384.1,2,3.2
384.2,2,3.2
384.3,2,3.2
384.4,2,3.2
384.5,2,3.2
384.6,2,3.2
384.7,2,3.2
384.8,2,3.2
384.9,2,3.2
385,2,3.2
385.1,2,3.2
385.2,2,3.2
385.3,2,3.2
385.4,2,3.2
385.5,2,3.2
385.6,2,3.2
385.7,2,3.2
385.8,2,3.2
385.9,2,3.2
386,2,3.2
386.1,2,3.2
386.2,2,3.2
386.3,2,3.2
386.4,2,3.2
386.5,2,3.2
386.6,2,3.2
386.7,2,3.2
386.8,2,3.2
386.9,2,3.2
387,2,3.2
387.1,2,3.2
387.2,2,3.2
387.3,2,3.2
387.4,2,3.2
387.5,2,3.2
387.6,2,3.2
387.7,2,3.2
387.8,2,3.2
387.9,2,3.2
388,2,3.2
388.1,2,3.2
388.2,2,3.2
388.3,2,3.2
388.4,2,3.2
388.5,2,3.2
388.6,2,3.2
388.7,2,3.2
388.8,2,3.2
388.9,2,3.2
389,2,3.2
389.1,2,3.2
389.2,2,3.2
389.3,2,3.2
389.4,2,3.2
389.5,2,3.2
389.6,2,3.2
389.7,2,3.2
389.8,2,3.2
389.9,2,3.2
390,2,3.2
390.1,2,3.2
390.2,2,3.2
390.3,2,3.2
390.4,2,3.2
390.5,2,3.2
390.6,2,3.2
390.7,2,3.2
390.8,2,3.2
390.9,2,3.2
391,2,3.2
391.1,2,3.2
391.2,2,3.2
391.3,2,3.2
391.4,2,3.2
391.5,2,3.2
391.6,2,3.2
391.7,2,3.2
391.8,2,3.2
391.9,2,3.2
392,2,3.2
392.1,2,3.2
392.2,2,3.2
392.3,2,3.2
392.4,2,3.2
392.5,2,3.2
392.6,2,3.2
392.7,2,3.2
392.8,2,3.2
392.9,2,3.2
393,2,3.2
393.1,2,3.2
393.2,2,3.2
393.3,2,3.2
393.4,2,3.2
393.5,2,3.2
393.6,2,3.2
393.7,2,3.2
393.8,2,3.2
393.9,2,3.2
394,2,3.2
394.1,2,3.2
394.2,2,3.2
394.3,2,3.2
394.4,2,3.2
394.5,2,3.2
394.6,2,3.2
394.7,2,3.2
394.8,2,3.2
394.9,2,3.2
395,2,3.2
395.1,2,3.2
395.2,2,3.2
395.3,2,3.2
395.4,2,3.2
395.5,2,3.2
395.6,2,3.2
395.7,2,3.2
395.8,2,3.2
395.9,2,3.2
396,2,3.2
396.1,2,3.2
396.2,2,3.2
396.3,2,3.2
396.4,2,3.2
396.5,2,3.2
396.6,2,3.2
396.7,2,3.2
396.8,2,3.2
396.9,2,3.2
397,2,3.2
397.1,2,3.2
397.2,2,3.2
397.3,2,3.2
397.4,2,3.2
397.5,2,3.2
397.6,2,3.2
397.7,2,3.2
397.8,2,3.2
397.9,2,3.2
398,2,3.2
398.1,2,3.2
398.2,2,3.2
398.3,2,3.2
398.4,2,3.2
398.5,2,3.2
398.6,2,3.2
398.7,2,3.2
398.8,2,3.2
398.9,2,3.2
399,2,3.2
399.1,2,3.2
399.2,2,3.2
399.3,2,3.2
399.4,2,3.2
399.5,2,3.2
399.6,2,3.2
399.7,2,3.2
399.8,2,3.2
399.9,2,3.2
400,2,3.2
400.1,2,3.2
400.2,2,3.2
400.3,2,3.2
400.4,2,3.2
400.5,2,3.2
400.6,2,3.2
400.7,2,3.2
400.8,2,3.2
400.9,2,3.2
401,2,3.2
401.1,2,3.2
401.2,2,3.2
401.3,2,3.2
401.4,2,3.2
401.5,2,3.2
401.6,2,3.2
401.7,2,3.2
401.8,2,3.2
401.9,2,3.2
402,2,3.2
402.1,2,3.2
402.2,2,3.2
402.3,2,3.2
402.4,2,3.2
402.5,2,3.2
402.6,2,3.2
402.7,2,3.2
402.8,2,3.2
402.9,2,3.2
403,2,3.2
403.1,2,3.2
403.2,2,3.2
403.3,2,3.2
403.4,2,3.2
403.5,2,3.2
403.6,2,3.2
403.7,2,3.2
403.8,2,3.2
403.9,2,3.2
404,2,3.2
404.1,2,3.2
404.2,2,3.2
404.3,2,3.2
404.4,2,3.2
404.5,2,3.2
404.6,2,3.2
404.7,2,3.2
404.8,2,3.2
404.9,2,3.2
405,2,3.2
405.1,2,3.2
405.2,2,3.2
405.3,2,3.2
405.4,2,3.2
405.5,2,3.2
405.6,2,3.2
405.7,2,3.2
405.8,2,3.2
405.9,2,3.2
406,2,3.2
406.1,2,3.2
406.2,2,3.2
406.3,2,3.2
406.4,2,3.2
406.5,2,3.2
406.6,2,3.2
406.7,2,3.2
406.8,2,3.2
406.9,2,3.2
407,2,3.2
407.1,2,3.2
407.2,2,3.2
407.3,2,3.2
407.4,2,3.2
407.5,2,3.2
407.6,2,3.2
407.7,2,3.2
407.8,2,3.2
407.9,2,3.2
408,2,3.2
408.1,2,3.2
408.2,2,3.2
408.3,2,3.2
408.4,2,3.2
408.5,2,3.2
408.6,2,3.2
408.7,2,3.2
408.8,2,3.2
408.9,2,3.2
409,2,3.2
409.1,2,3.2
409.2,2,3.2
409.3,2,3.2
409.4,2,3.2
409.5,2,3.2
409.6,2,3.2
409.7,2,3.2
409.8,2,3.2
409.9,2,3.2
410,2,3.2
410.1,2,3.2
410.2,2,3.2
410.3,2,3.2
410.4,2,3.2
410.5,2,3.2
410.6,2,3.2
410.7,2,3.2
410.8,2,3.2
410.9,2,3.2
411,2,3.2
411.1,2,3.2
411.2,2,3.2
411.3,2,3.2
411.4,2,3.2
411.5,2,3.2
411.6,2,3.2
411.7,2,3.2
411.8,2,3.2
411.9,2,3.2
412,2,3.2
412.1,2,3.2
412.2,2,3.2
412.3,2,3.2
412.4,2,3.2
412.5,2,3.2
412.6,2,3.2
412.7,2,3.2
412.8,2,3.2
412.9,2,3.2
413,2,3.2
413.1,2,3.2
413.2,2,3.2
413.3,2,3.2
413.4,2,3.2
413.5,2,3.2
413.6,2,3.2
413.7,2,3.2
413.8,2,3.2
413.9,2,3.2
414,2,3.2
414.1,2,3.2
414.2,2,3.2
414.3,2,3.2
414.4,2,3.2
414.5,2,3.2
414.6,2,3.2
414.7,2,3.2
414.8,2,3.2
414.9,2,3.2
415,2,3.2
415.1,2,3.2
415.2,2,3.2
415.3,2,3.2
415.4,2,3.2
415.5,2,3.2
415.6,2,3.2
415.7,2,3.2
415.8,2,3.2
415.9,2,3.2
416,2,3.2
416.1,2,3.2
416.2,2,3.2
416.3,2,3.2
416.4,2,3.2
416.5,2,3.2
416.6,2,3.2
416.7,2,3.2
416.8,2,3.2
416.9,2,3.2
417,2,3.2
417.1,2,3.2
417.2,2,3.2
417.3,2,3.2
417.4,2,3.2
417.5,2,3.2
417.6,2,3.2
417.7,2,3.2
417.8,2,3.2
417.9,2,3.2
418,2,3.2
418.1,2,3.2
418.2,2,3.2
418.3,2,3.2
418.4,2,3.2
418.5,2,3.2
418.6,2,3.2
418.7,2,3.2
418.8,2,3.2
418.9,2,3.2
419,2,3.2
419.1,2,3.2
419.2,2,3.2
419.3,2,3.2
419.4,2,3.2
419.5,2,3.2
419.6,2,3.2
419.7,2,3.2
419.8,2,3.2
419.9,2,3.2
420,2,3.2
420.1,2,3.2
420.2,2,3.2
420.3,2,3.2
420.4,2,3.2
420.5,2,3.2
420.6,2,3.2
420.7,2,3.2
420.8,2,3.2
420.9,2,3.2
421,2,3.2
421.1,2,3.2
421.2,2,3.2
421.3,2,3.2
421.4,2,3.2
421.5,2,3.2
421.6,2,3.2
421.7,2,3.2
421.8,2,3.2
421.9,2,3.2
422,2,3.2
422.1,2,3.2
422.2,2,3.2
422.3,2,3.2
422.4,2,3.2
422.5,2,3.2
422.6,2,3.2
422.7,2,3.2
422.8,2,3.2
422.9,2,3.2
423,2,3.2
423.1,2,3.2
423.2,2,3.2
423.3,2,3.2
423.4,2,3.2
423.5,2,3.2
423.6,2,3.2
423.7,2,3.2
423.8,2,3.2
423.9,2,3.2
424,2,3.2
424.1,2,3.2
424.2,2,3.2
424.3,2,3.2
424.4,2,3.2
424.5,2,3.2
424.6,2,3.2
424.7,2,3.2
424.8,2,3.2
424.9,2,3.2
425,2,3.2
425.1,2,3.2
425.2,2,3.2
425.3,2,3.2
425.4,2,3.2
425.5,2,3.2
425.6,2,3.2
425.7,2,3.2
425.8,2,3.2
425.9,2,3.2
426,2,3.2
426.1,2,3.2
426.2,2,3.2
426.3,2,3.2
426.4,2,3.2
426.5,2,3.2
426.6,2,3.2
426.7,2,3.2
426.8,2,3.2
426.9,2,3.2
427,2,3.2
427.1,2,3.2
427.2,2,3.2
427.3,2,3.2
427.4,2,3.2
427.5,2,3.2
427.6,2,3.2
427.7,2,3.2
427.8,2,3.2
427.9,2,3.2
428,2,3.2
428.1,2,3.2
428.2,2,3.2
428.3,2,3.2
428.4,2,3.2
428.5,2,3.2
428.6,2,3.2
428.7,2,3.2
428.8,2,3.2
428.9,2,3.2
429,2,3.2
429.1,2,3.2
429.2,2,3.2
429.3,2,3.2
429.4,2,3.2
429.5,2,3.2
429.6,2,3.2
429.7,2,3.2
429.8,2,3.2
429.9,2,3.2
430,2,3.2
430.1,2,3.2
430.2,2,3.2
430.3,2,3.2
430.4,2,3.2
430.5,2,3.2
430.6,2,3.2
430.7,2,3.2
430.8,2,3.2
430.9,2,3.2
431,2,3.2
431.1,2,3.2
431.2,2,3.2
431.3,2,3.2
431.4,2,3.2
431.5,2,3.2
431.6,2,3.2
431.7,2,3.2
431.8,2,3.2
431.9,2,3.2
432,2,3.2
432.1,2,3.2
432.2,2,3.2
432.3,2,3.2
432.4,2,3.2
432.5,2,3.2
432.6,2,3.2
432.7,2,3.2
432.8,2,3.2
432.9,2,3.2
433,2,3.2
433.1,2,3.2
433.2,2,3.2
433.3,2,3.2
433.4,2,3.2
433.5,2,3.2
433.6,2,3.2
433.7,2,3.2
433.8,2,3.2
433.9,2,3.2
434,2,3.2
434.1,2,3.2
434.2,2,3.2
434.3,2,3.2
434.4,2,3.2
434.5,2,3.2
434.6,2,3.2
434.7,2,3.2
434.8,2,3.2
434.9,2,3.2
435,2,3.2
435.1,2,3.2
435.2,2,3.2
435.3,2,3.2
435.4,2,3.2
435.5,2,3.2
435.6,2,3.2
435.7,2,3.2
435.8,2,3.2
435.9,2,3.2
436,2,3.2
436.1,2,3.2
436.2,2,3.2
436.3,2,3.2
436.4,2,3.2
436.5,2,3.2
436.6,2,3.2
436.7,2,3.2
436.8,2,3.2
436.9,2,3.2
437,2,3.2
437.1,2,3.2
437.2,2,3.2
437.3,2,3.2
437.4,2,3.2
437.5,2,3.2
437.6,2,3.2
437.7,2,3.2
437.8,2,3.2
437.9,2,3.2
438,2,3.2
438.1,2,3.2
438.2,2,3.2
438.3,2,3.2
438.4,2,3.2
438.5,2,3.2
438.6,2,3.2
438.7,2,3.2
438.8,2,3.2
438.9,2,3.2
439,2,3.2
439.1,2,3.2
439.2,2,3.2
439.3,2,3.2
439.4,2,3.2
439.5,2,3.2
439.6,2,3.2
439.7,2,3.2
439.8,2,3.2
439.9,2,3.2
440,2,3.2
440.1,2,3.2
440.2,2,3.2
440.3,2,3.2
440.4,2,3.2
440.5,2,3.2
440.6,2,3.2
440.7,2,3.2
440.8,2,3.2
440.9,2,3.2
441,2,3.2
441.1,2,3.2
441.2,2,3.2
441.3,2,3.2
441.4,2,3.2
441.5,2,3.2
441.6,2,3.2
441.7,2,3.2
441.8,2,3.2
441.9,2,3.2
442,2,3.2
442.1,2,3.2
442.2,2,3.2
442.3,2,3.2
442.4,2,3.2
442.5,2,3.2
442.6,2,3.2
442.7,2,3.2
442.8,2,3.2
442.9,2,3.2
443,2,3.2
443.1,2,3.2
443.2,2,3.2
443.3,2,3.2
443.4,2,3.2
443.5,2,3.2
443.6,2,3.2
443.7,2,3.2
443.8,2,3.2
443.9,2,3.2
444,2,3.2
444.1,2,3.2
444.2,2,3.2
444.3,2,3.2
444.4,2,3.2
444.5,2,3.2
444.6,2,3.2
444.7,2,3.2
444.8,2,3.2
444.9,2,3.2
445,2,3.2
445.1,2,3.2
445.2,2,3.2
445.3,2,3.2
445.4,2,3.2
445.5,2,3.2
445.6,2,3.2
445.7,2,3.2
445.8,2,3.2
445.9,2,3.2
446,2,3.2
446.1,2,3.2
446.2,2,3.2
446.3,2,3.2
446.4,2,3.2
446.5,2,3.2
446.6,2,3.2
446.7,2,3.2
446.8,2,3.2
446.9,2,3.2
447,2,3.2
447.1,2,3.2
447.2,2,3.2
447.3,2,3.2
447.4,2,3.2
447.5,2,3.2
447.6,2,3.2
447.7,2,3.2
447.8,2,3.2
447.9,2,3.2
448,2,3.2
448.1,2,3.2
448.2,2,3.2
448.3,2,3.2
448.4,2,3.2
448.5,2,3.2
448.6,2,3.2
448.7,2,3.2
448.8,2,3.2
448.9,2,3.2
449,2,3.2
449.1,2,3.2
449.2,2,3.2
449.3,2,3.2
449.4,2,3.2
449.5,2,3.2
449.6,2,3.2
449.7,2,3.2
449.8,2,3.2
449.9,2,3.2
450,2,3.2
